Type,Start Time,Stop Time,Duration,Transcript,Speakers,Dominant_Speaker,Predicted_Label
speech,0.03,4.76,4.73,안녕하세요.,SPEAKER_02:1.00s(1.000),SPEAKER_02,AD
speech,11.93,13.93,2.0,코지마 브랜드 마케터 이광희입니다.,SPEAKER_17:1.00s(1.000),SPEAKER_17,AD
speech,14.43,18.06,3.629999999999999,라디오를 들으시는 분들이라면 이 노래 한 번쯤은 들어보셨죠?,SPEAKER_17:1.00s(1.000),SPEAKER_17,AD
speech,18.52,24.47,5.949999999999999,귀에 쏙쏙 들어오는 라디오 CM송으로 코지마는 안마의자 대표 브랜드로 자리매김했습니다.,SPEAKER_17:1.00s(1.000),SPEAKER_17,AD
speech,24.49,28.21,3.7200000000000015,고객들의 마음을 사로잡기 위해 SBS 라디오와 함께하세요.,SPEAKER_17:1.00s(1.000),SPEAKER_17,AD
speech,39.08,52.55,13.47,박하선의 시내 타운,SPEAKER_23:1.00s(1.000),SPEAKER_23,DJ
speech,63.67,68.05,4.379999999999996,영화 블러드 다이아몬드에서 아프리카 내전 지역.,SPEAKER_23:1.00s(1.000),SPEAKER_23,DJ
speech,68.07,73.58,5.510000000000005,무장세력은 다이아를 얻으려고 현지인들을 학살합니다.,SPEAKER_23:1.00s(1.000),SPEAKER_23,DJ
speech,73.92,77.75,3.8299999999999983,이 참혹한 상황에 데니가 말하죠.,SPEAKER_23:1.00s(1.000),SPEAKER_23,DJ
speech,77.77,79.23,1.460000000000008,가끔은 궁금해져.,SPEAKER_23:1.00s(1.000),SPEAKER_23,DJ
speech,79.25,82.49,3.239999999999995,우리가 하는 일을 신이 용서하실지.,SPEAKER_23:1.00s(1.000),SPEAKER_23,DJ
speech,82.51,83.85,1.3399999999999892,그러다 금세 깨닫곤 하지.,SPEAKER_23:1.00s(1.000),SPEAKER_23,DJ
speech,84.83,87.28,2.450000000000003,신은 오래전 이곳을 떠났다는 걸.,SPEAKER_23:1.00s(1.000),SPEAKER_23,DJ
speech,94.3,99.97,5.670000000000002,영화를 보면 그깟 다이아가 뭐라고 사람을 파리목숨처럼 대합니다.,SPEAKER_23:1.00s(1.000),SPEAKER_23,DJ
speech,99.99,103.3,3.3100000000000023,그런데 이런 기획기사가 있어요.,SPEAKER_23:1.00s(1.000),SPEAKER_23,DJ
speech,103.6,108.25,4.650000000000006,전 우주적으로 봤을 때 다이아는 결코 귀한 자원이 아니라고요.,SPEAKER_23:1.00s(1.000),SPEAKER_23,DJ
speech,108.91,114.63,5.719999999999999,다이아는 탄소로 만들어졌고 탄소는 우주에 널리고 널렸잖아요.,SPEAKER_23:1.00s(1.000),SPEAKER_23,DJ
speech,114.65,118.94,4.289999999999992,그래서 정말 귀한 건 오히려 목재래요.,SPEAKER_23:1.00s(1.000),SPEAKER_23,DJ
speech,118.96,123.24,4.280000000000001,나무는 이때껏 지구에서밖에 발견되지 않았으니까요.,SPEAKER_23:1.00s(1.000),SPEAKER_23,DJ
speech,123.26,131.51,8.249999999999986,이런 얘기를 듣고 영화를 다시 보면 대체 뭘 위해 사람을 죽이고 신마저 저버리는지 모르겠어요.,SPEAKER_23:1.00s(1.000),SPEAKER_23,DJ
speech,131.53,131.99,0.4600000000000079,안녕하세요.,SPEAKER_23:1.00s(1.000),SPEAKER_23,DJ
speech,132.87,135.25,2.3799999999999955,박하선의 시내타운 박하선입니다.,SPEAKER_23:1.00s(1.000),SPEAKER_23,DJ
speech,138.31,157.66,19.349999999999994,음악자로서는 바람이 항상 우리를 데리고 가고 있어요 바람이 지나가면 그 바람을 데리고 가고 있어요 그리고 어떻게 생활을 하고 있는지 볼 수 있어요 음악자로서는 싸움을 겪지 않았어요 그래서 제가 아버지로서의 기회를 얻을 수 있다면 그것에 대해서는 매우 행복합니다,SPEAKER_00:1.00s(1.000),SPEAKER_00,AD
speech,170.25,197.69,27.44,이유란 락아 칸둔야이 바깥 아나 칼라에 칼라오오오오오오오오오오오오오오오오오오오오오오오오오오오오오오오오오오오오오오오오오오오오오오오오오오오오오오오오오오오오오오오오오오오오오오오오오오오오오오오오오오오오오오오오오오오오오오오오오오오오오오오오오오오오오오오오오오오오오오오오오오오오오오오오오오오오오오오오오오오오오오오오오오오오오오오오오오오오오오오오오오오오오오오오오오오오오오오오오오오오오오오오오오오오오오오오오오오오오오오,SPEAKER_08:1.00s(1.000),SPEAKER_08,AD
speech,238.49,261.36,22.870000000000005,이 우랑로가 강둥이 아이가 갇혔나 갈라해 이 우랑로가 강둥이 아이가 갇혔나 갈라해 갈라오 미네소토야모에 마이리오 미네소토야모에 아체라밭에 앙바사르소에 아나필리케 앙바사르소에,SPEAKER_08:1.00s(1.000),SPEAKER_08,AD
speech,261.34,281.71,20.370000000000005,이시하이 톰 룸 타보라 도마야 짬베이 도마야 사이사 짬베이 도마야 사이사 짬베이,SPEAKER_08:1.00s(1.000),SPEAKER_08,AD
speech,303.32,318.35,15.03000000000003,구르마 구르마 구르마 구르마,SPEAKER_08:1.00s(1.000),SPEAKER_08,AD
speech,368.06,378.52,10.45999999999998,한글자막 제공 및 자막 제공 및 광고를 포함하고 있습니다.,SPEAKER_08:1.00s(1.000),SPEAKER_08,AD
speech,379.79,381.89,2.099999999999966,11월 22일 금요일입니다.,SPEAKER_23:1.00s(1.000),SPEAKER_23,DJ
speech,382.43,391.2,8.769999999999982,박하산의 시내타운 첫 곡은 영화 블러드 다이아몬드에서 시에라리온 난민들이 부르는 앙칼라 듣고 왔습니다.,SPEAKER_23:1.00s(1.000),SPEAKER_23,DJ
speech,391.23,394.77,3.539999999999964,2007년 개봉한 영화 블러드 다이아몬드.,SPEAKER_23:1.00s(1.000),SPEAKER_23,DJ
speech,394.79,402.5,7.7099999999999795,가을의 전설을 만든 에드워드 주익 감독의 작품이고 레오나르도 디카프리오가 주연을 맡았습니다.,SPEAKER_23:1.00s(1.000),SPEAKER_23,DJ
speech,402.48,405.11,2.6299999999999955,제목인 블러드 다이아몬드의 의미는요.,SPEAKER_23:1.00s(1.000),SPEAKER_23,DJ
speech,405.49,408.95,3.4599999999999795,아프리카 분쟁 지역에선 전쟁 자금이 필요하잖아요.,SPEAKER_23:1.00s(1.000),SPEAKER_23,DJ
speech,409.67,417.82,8.149999999999977,그래서 무장 세력들이 현지인을 폭력적으로 착취를 해서 생산해내는 다이아몬드를 말합니다.,SPEAKER_23:1.00s(1.000),SPEAKER_23,DJ
speech,417.84,422.45,4.610000000000014,영화는 이렇게 참혹한 다이아 생산의 현장 이야기를 다뤘어요.,SPEAKER_23:1.00s(1.000),SPEAKER_23,DJ
speech,422.43,449.47,27.04000000000002,디카프리오를 좋아했어서 이 영화 그때 개봉했을 때 챙겨봤는데 영화관에서 마지막에 뭐 이건 실제 얘기다 했는데 와 진짜 놀라서 막 찾아봤던 기억이 있어요 근데 신이 떠났다 신이 떠난 곳 너무 지옥 같으면 그렇게 얘기해도 되나 신이 떠났다 가끔 그럴 때 있죠 살다가 진짜 신이 있긴 한 건가 뭐 이럴 때가 있어요 너무 잔인한 그런 일들을 보면,SPEAKER_23:1.00s(1.000),SPEAKER_23,DJ
speech,450.44,478.71,28.269999999999985,음 912호님은 전 과수원집 딸내미인데 그렇게 따지면 제가 바로 재벌집 막내딸내미네요 그러게요 과수원에는 나무가 많으니까 2113님은 재물이 사람의 욕심이 사람을 잡는 것 같다고 한낱 돌덩어리에 불과한 것을요 근데 이렇게 나무가 귀하고 다이아가 흔하다 우주에는 해도 이게 값이 떨어질 것 같진 않아요 그쵸 음,SPEAKER_23:1.00s(1.000),SPEAKER_23,DJ
speech,480.5,480.92,0.4200000000000159,그러게요.,SPEAKER_23:1.00s(1.000),SPEAKER_23,DJ
speech,480.94,485.58,4.639999999999986,돈을 벌다 보면 돈을 쫓아가다 보면 오히려 안 벌리는 것 같아요.,SPEAKER_23:1.00s(1.000),SPEAKER_23,DJ
speech,485.6,498.98,13.379999999999995,그냥 내가 좋아서 하는 일을 했는데 돈이 따라오는 경우가 있는 것 같고 돈을 벌려고 일을 했을 때는 생각보다 뭔가 잘 안 되고 그랬던 기억이 있어서 참 어려워요.,SPEAKER_23:1.00s(1.000),SPEAKER_23,DJ
speech,499.26,509.17,9.910000000000023,근데 누구는 또 돈에 꽂혀 있어야 사업을 하다 보면 돈에 꽂혀 있는 사람들이 돈을 잘 번다 뭐 이런 얘기도 있던데 참 어려운 일인 것 같아요.,SPEAKER_23:1.00s(1.000),SPEAKER_23,DJ
speech,511.46,517.73,6.270000000000039,아 의료보험이 올라가지고 열심히 해야지 네,SPEAKER_23:1.00s(1.000),SPEAKER_23,DJ
speech,518.23,519.99,1.759999999999991,정희님이요?,SPEAKER_23:1.00s(1.000),SPEAKER_23,DJ
speech,520.01,522.09,2.080000000000041,캔디 저 지금 SBS 지하에서 밥 먹고 있어요.,SPEAKER_23:1.00s(1.000),SPEAKER_23,DJ
speech,522.23,523.18,0.9499999999999318,서울 구경 왔어요.,SPEAKER_23:1.00s(1.000),SPEAKER_23,DJ
speech,523.52,525.38,1.8600000000000136,김영철 라디오 공개 방송 왔다고.,SPEAKER_23:1.00s(1.000),SPEAKER_23,DJ
speech,528.0,529.49,1.490000000000009,저도 이런 거 공개 방송하고 싶어요.,SPEAKER_23:1.00s(1.000),SPEAKER_23,DJ
speech,529.51,531.43,1.919999999999959,나 한 번만 시켜주시면 안 돼요?,SPEAKER_23:1.00s(1.000),SPEAKER_23,DJ
speech,531.45,531.63,0.1799999999999499,저 한 번만?,SPEAKER_23:1.00s(1.000),SPEAKER_23,DJ
speech,531.65,533.51,1.8600000000000136,나 이런 거 완전 잘할 수 있는데 안 되나?,SPEAKER_23:1.00s(1.000),SPEAKER_23,DJ
speech,533.95,535.96,2.009999999999991,우리는 그게 여의치가 않나?,SPEAKER_23:1.00s(1.000),SPEAKER_23,DJ
speech,536.2,545.77,9.569999999999936,막 이런 영화 프로그램 보면 어디 영화제 가서 야외 방송하고 그런 게 꿈이었는데 그거 다 돈 들어서 안 되는 건가?,SPEAKER_23:1.00s(1.000),SPEAKER_23,DJ
speech,545.75,558.04,12.289999999999964,캔디랑 가까운 곳에 아 청취율이 좀 더 잘 나와야 되나 여러분 도와주세요 우리 친구든 지인이든 다 끌고 와서 우리 다 듣게 하고 우리 한번 나가보자고요,SPEAKER_23:1.00s(1.000),SPEAKER_23,DJ
speech,558.7,562.0,3.2999999999999545,캔이랑 가까운 곳에 있다는 게 내적 친밀감이 느껴진다고.,SPEAKER_23:1.00s(1.000),SPEAKER_23,DJ
speech,562.02,564.39,2.3700000000000045,아 우리 SBS 지하 밥 맛있죠.,SPEAKER_23:1.00s(1.000),SPEAKER_23,DJ
speech,564.57,565.95,1.3799999999999957,저도 가끔 먹는데.,SPEAKER_23:1.00s(1.000),SPEAKER_23,DJ
speech,565.97,568.82,2.8500000000000227,오늘은 끝나고 일이 있어서 시간이 안 됐네.,SPEAKER_23:1.00s(1.000),SPEAKER_23,DJ
speech,569.62,570.7,1.080000000000041,맛있게 드시고 하시고요.,SPEAKER_23:1.00s(1.000),SPEAKER_23,DJ
speech,570.76,576.52,5.759999999999991,거기 샐러드도 맛있고 그리고 올라오시면 또 유명한 커피 전문점이 있죠.,SPEAKER_23:1.00s(1.000),SPEAKER_23,DJ
speech,578.24,582.99,4.75,혜영님은 하지영 성우님 보러 왔어요 하트하트 하셨습니다.,SPEAKER_23:1.00s(1.000),SPEAKER_23,DJ
speech,584.25,585.74,1.490000000000009,우리 팬분이 또 놀러오셨어요.,SPEAKER_23:1.00s(1.000),SPEAKER_23,DJ
speech,585.75,585.84,0.0900000000000318,맞아요.,SPEAKER_23:1.00s(1.000),SPEAKER_23,DJ
speech,586.4,593.92,7.519999999999982,오늘 하지영 성우님과 함께하는 레이스 무비 운명을 믿게 되는 이야기 영어 러브어페어를 짧은 한편으로 펼쳐볼게요.,SPEAKER_23:1.00s(1.000),SPEAKER_23,DJ
speech,593.9,606.48,12.58000000000004,하고 싶은 이야기 듣고 싶은 노래가 있으시다면 지금 바로 무료인 고릴라나 샵 1077 짧은 건 50원 긴 건 100원의 유료 문자로 보내주세요 공개 방송이 불가능하면 전화 한번 하면 안 돼요?,SPEAKER_23:1.00s(1.000),SPEAKER_23,DJ
speech,606.5,607.36,0.8600000000000136,전화 이렇게 연결?,SPEAKER_23:1.00s(1.000),SPEAKER_23,DJ
speech,608.08,618.2,10.120000000000005,나 그런 거 너무 해보고 싶었는데 라디오 들으면 시켜주세요 아무튼 우리 광고 듣고 다시 만나요 팀장님 연금도 투자하세요?,SPEAKER_23:1.00s(1.000),SPEAKER_23,DJ
speech,618.52,621.0,2.480000000000018,알아서 크는 연금은 없으니까 투자해야죠,SPEAKER_14:1.00s(1.000),SPEAKER_14,AD
speech,621.07,624.47,3.3999999999999773,아 투자의 차이가 연금의 차이?,SPEAKER_23:1.00s(1.000),SPEAKER_23,DJ
speech,624.49,639.83,15.340000000000032,이제 연금도 투자다 N2 퇴직연금 역시 고용노동부가 선정한 2024년 퇴직연금 우수사업자 NH투자증권 원금손실유의 가입 전 상품설명서 및 약관필독 장비관리하다 하루 다 갔네 장비도 시간도 아끼세요 어떻게?,SPEAKER_14:1.00s(1.000),SPEAKER_14,AD
speech,639.85,647.91,8.059999999999945,글로벌 표준의 안전한 최신장비로 고장나면 정기정고매 대체장비도 지원돼요 그랜탈 뭔데?,SPEAKER_03:1.00s(1.000),SPEAKER_03,AD
speech,648.33,648.57,0.2400000000000091,롯데 롯데 롯데비즈랑탈,SPEAKER_05:1.00s(1.000),SPEAKER_05,AD
speech,650.9,676.28,25.379999999999995,보건복지부가 힘이 되어드리겠습니다.,SPEAKER_04:1.00s(1.000),SPEAKER_04,AD
speech,676.26,678.29,2.0299999999999727,안녕하세요 이재훈입니다.,SPEAKER_07:1.00s(1.000),SPEAKER_07,AD
speech,678.31,700.18,21.870000000000005,가장 살기 좋은 집이 되도록 가장 빛나는 삶이 펼쳐지도록 삶을 움직이는 집 동문 디이스트 초중고 학습권과 도보 싶은 문산역 문산의 중심 문산역 3차 동문 디이스트 센트럴 견본주택 개관 중 031-651-7733 안녕하세요 신한 프리미어 모델 김수현입니다.,SPEAKER_04:1.00s(1.000),SPEAKER_04,AD
speech,700.76,704.09,3.330000000000041,여러분께 특별한 자산관리를 소개합니다.,SPEAKER_20:1.00s(1.000),SPEAKER_20,AD
speech,704.11,712.48,8.370000000000005,"투자, 법률, 세무, 부동산 각 분야 전문가들이 당신만을 위한 맞춤 솔루션을 찾아드립니다.",SPEAKER_20:1.00s(1.000),SPEAKER_20,AD
speech,712.5,713.28,0.7799999999999727,지금 만나보세요.,SPEAKER_20:1.00s(1.000),SPEAKER_20,AD
speech,713.84,715.9,2.059999999999945,자산관리는 신한프리미어,SPEAKER_20:1.00s(1.000),SPEAKER_20,AD
speech,716.22,721.33,5.110000000000014,한 회사를 똑같이 다녔는데 동기보다 내가 세금도 많이 내면 속이 타 안 타.,SPEAKER_21:1.00s(1.000),SPEAKER_21,AD
speech,721.35,722.91,1.5599999999999454,그럼 갈아타.,SPEAKER_21:1.00s(1.000),SPEAKER_21,AD
speech,722.93,730.1,7.170000000000073,삼성증권 퇴직연금으로 연말 정산 최대 900만 원까지 공제받으니까 당신의 연금력이 커집니다.,SPEAKER_02:1.00s(1.000),SPEAKER_02,AD
speech,730.12,730.92,0.7999999999999545,삼성증권.,SPEAKER_02:1.00s(1.000),SPEAKER_02,AD
speech,730.95,732.55,1.599999999999909,투자 전 상품 설명서 및 약관 필터.,SPEAKER_21:1.00s(1.000),SPEAKER_21,AD
speech,732.57,733.87,1.2999999999999543,원금 손실 발생 가능 및 투자자 기소.,SPEAKER_21:1.00s(1.000),SPEAKER_21,AD
speech,733.89,736.27,2.3799999999999955,보수는 연 0.24에서 0.3%이며 홈페이지 참고.,SPEAKER_21:1.00s(1.000),SPEAKER_21,AD
speech,736.25,738.6,2.3500000000000227,새 차 타고 싶은 사람들 주목!,SPEAKER_21:1.00s(1.000),SPEAKER_21,AD
speech,738.62,741.22,2.6000000000000227,현대의 자동차를 구매하는 새로운 비법!,SPEAKER_21:1.00s(1.000),SPEAKER_21,AD
speech,741.24,742.6,1.3600000000000136,이름하여 안심 플러스 할부!,SPEAKER_21:1.00s(1.000),SPEAKER_21,AD
speech,743.4,745.71,2.310000000000059,중고차 잔가를 70%까지 보장!,SPEAKER_21:1.00s(1.000),SPEAKER_21,AD
speech,745.73,752.78,7.0499999999999545,차값의 3분의 1만 매달 부담없이 나눠내고 2년 뒤엔 타던 차를 그대로 반납하면 되니 완전 초대박!,SPEAKER_21:1.00s(1.000),SPEAKER_21,AD
speech,752.8,757.64,4.840000000000032,자세한 내용은 지점 대리점 문의!,SPEAKER_09:1.00s(1.000),SPEAKER_09,AD
speech,757.66,764.79,7.129999999999996,여러분은 지금 가수 성식형이 사랑하는 배우 정혜인이 사랑하는 배우 엄지원이 사랑하는 배우 구교환이 사랑하고,SPEAKER_15:1.00s(1.000),SPEAKER_15,AD
speech,764.92,791.46,26.54000000000008,영화감독 장항준이 함께하는 박하선의 씨네타운과 함께하고 있습니다 영화는 방울방울 그날의 영화 그 안의 추억 3223님이 보내주신 사연입니다,SPEAKER_23:1.00s(1.000),SPEAKER_23,DJ
speech,793.07,795.0,1.92999999999995,연애 컨설팅 전문가 캔디.,SPEAKER_23:1.00s(1.000),SPEAKER_23,DJ
speech,796.3,798.35,2.050000000000068,저 답답해 미칠 것 같아요.,SPEAKER_23:1.00s(1.000),SPEAKER_23,DJ
speech,798.37,799.77,1.3999999999999773,제 얘기 좀 들어보세요.,SPEAKER_23:1.00s(1.000),SPEAKER_23,DJ
speech,799.79,803.4,3.6100000000000136,그러니까 저는 CC였던 과 동기랑 최근에 헤어졌습니다.,SPEAKER_23:1.00s(1.000),SPEAKER_23,DJ
speech,803.66,805.97,2.310000000000059,근데 이 자식이야.,SPEAKER_23:1.00s(1.000),SPEAKER_23,DJ
speech,805.99,806.07,0.0800000000000409,흠...,UNKNOWN:1.00s(1.000),,AD
speech,806.57,812.68,6.1099999999999,아 졸려 야 야 아 깜짝이야 넌 예의를 쌈싸먹었냐?,SPEAKER_23:1.00s(1.000),SPEAKER_23,DJ
speech,813.62,820.77,7.149999999999977,아 깜짝 아 왜 또 너 헤어졌는데 왜 커플티 입고 다녀 거슬리게 야 그럼 이 편한 옷을 버리니?,SPEAKER_23:1.00s(1.000),SPEAKER_23,DJ
speech,821.77,829.25,7.480000000000018,옷은 죄가 없어 괜히 열내지마 좀 야 내가 아 사줄게 샷 줄이고 얼음 가득 맞지?,SPEAKER_11:1.00s(1.000),SPEAKER_11,GUEST
speech,829.27,832.78,3.509999999999991,내 말 안 끝났어 너 자꾸 내 OTT에 또 들어와가지고 영화 보더라?,SPEAKER_23:1.00s(1.000),SPEAKER_23,DJ
speech,833.12,835.06,1.9399999999999409,이제 프로필 방 좀 빼줄래?,SPEAKER_23:1.00s(1.000),SPEAKER_23,DJ
speech,835.88,838.04,2.159999999999968,뭘 또 칼같이 그러냐.,SPEAKER_11:1.00s(1.000),SPEAKER_11,GUEST
speech,838.38,839.97,1.5900000000000318,너도 내 OTT 보면 되잖아.,SPEAKER_11:1.00s(1.000),SPEAKER_11,GUEST
speech,840.67,842.61,1.9400000000000543,내 음악 어플도 그냥 듣고 그 뭐시냐.,SPEAKER_11:1.00s(1.000),SPEAKER_11,GUEST
speech,843.13,844.27,1.1399999999999864,그 쇼핑 어플도 그냥 써.,SPEAKER_11:1.00s(1.000),SPEAKER_11,GUEST
speech,844.39,846.53,2.1399999999999864,거기 적립금 많아.,SPEAKER_11:1.00s(1.000),SPEAKER_11,GUEST
speech,846.55,850.9,4.350000000000023,야 뭘 귀찮게 일일이 방을 빼고 그러냐.,SPEAKER_11:1.00s(1.000),SPEAKER_11,GUEST
speech,850.92,851.14,0.2200000000000272,아 저놈의 귀차니즘.,SPEAKER_23:1.00s(1.000),SPEAKER_23,DJ
speech,851.16,858.92,7.759999999999991,사실 우리 이별의 이유도 전남친이 만사를 귀찮아하다가 나중에 절 만나러 집 밖에 나오는 것까지 귀찮아해서였거든요.,SPEAKER_23:1.00s(1.000),SPEAKER_23,DJ
speech,859.42,863.11,3.690000000000055,분통이 터져있는데 옆에서 친구가요.,SPEAKER_23:1.00s(1.000),SPEAKER_23,DJ
speech,863.13,865.61,2.480000000000018,야 귀찮다는 건 핑계고.,SPEAKER_10:1.00s(1.000),SPEAKER_10,AD
speech,865.65,865.69,0.0400000000000773,흠.,UNKNOWN:1.00s(1.000),,AD
speech,865.67,869.13,3.4600000000000364,너랑 헤어지기 싫어서 그런 거 아니야?,SPEAKER_10:1.00s(1.000),SPEAKER_10,AD
speech,869.15,869.19,0.0400000000000773,뭐?,SPEAKER_10:1.00s(1.000),SPEAKER_10,AD
speech,869.21,870.25,1.0399999999999636,야 지금도 봐봐.,SPEAKER_10:1.00s(1.000),SPEAKER_10,AD
speech,872.4,872.56,0.1599999999999681,아우 왜 저래.,SPEAKER_10:1.00s(1.000),SPEAKER_10,AD
speech,872.58,875.08,2.5,저기서 너보고 반갑다고 소문들잖아.,SPEAKER_10:1.00s(1.000),SPEAKER_10,AD
speech,875.1,878.15,3.0499999999999545,야 저게 어디 차인 남자 표정이냐?,SPEAKER_10:1.00s(1.000),SPEAKER_10,AD
speech,878.17,885.82,7.650000000000091,아니 친구 말을 들어보니까 그런 것 같기도 하고 저를 뭐 그렇게까지 못 잊겠다면 뭐.,SPEAKER_23:1.00s(1.000),SPEAKER_23,DJ
speech,885.8,898.16,12.360000000000014,단첨만큼 장점도 많은 앤데 다시 잘해볼까 싶기도 했는데요 제 귀에 꽂힌 최신 뉴스 아 야 미안해 지난번에 내가 한 말 잊어 뭐?,SPEAKER_23:1.00s(1.000),SPEAKER_23,DJ
speech,898.18,905.57,7.3900000000001,야 니 전남친 음대 신입생이랑 소개팅해서 잘 돼간데 뭐?,SPEAKER_10:1.00s(1.000),SPEAKER_10,AD
speech,905.59,905.83,0.2400000000000091,미쳐버려 진짜 아우 야,SPEAKER_10:1.00s(1.000),SPEAKER_10,AD
speech,906.46,931.72,25.25999999999999,그 신입생 피덩이가 뭐가 좋다고 너는 졸업반의 성숙함이 있잖아 생활력도 있고 그래 너 목소리도 크고 야 누가 봐도 네가 훨씬 나아 기죽지 마 그날 제 OTT에 들어갔는데요 글쎄 그 자식이 영어 500일의 썸머를 봤더라고요 저랑 첫 데이트 때 봤던 영화인데 아마 그 피덩이랑 봤겠죠?,SPEAKER_10:1.00s(1.000),SPEAKER_10,AD
speech,931.7,934.7,3.0,아니 얼마나 게으르면 연애 패턴 바꿀 생각도 안 할까요?,SPEAKER_23:1.00s(1.000),SPEAKER_23,DJ
speech,935.56,939.43,3.870000000000005,아니 근데 저랑 다시 잘해볼 생각도 아니면 얘는 대체 왜?,SPEAKER_23:1.00s(1.000),SPEAKER_23,DJ
speech,940.01,946.01,6.0,아직 커플 틸이 있고 제 OTT를 들락거리며 결정적으로 제 남동생이랑 계속 테니스를 치러 다녀요.,SPEAKER_23:1.00s(1.000),SPEAKER_23,DJ
speech,946.63,948.44,1.8100000000000591,뭐 이런 환상의 복식조를 구하기 어렵다나?,SPEAKER_23:1.00s(1.000),SPEAKER_23,DJ
speech,948.8,951.58,2.7800000000000864,아니 대체 왜 저러는 걸까요?,SPEAKER_23:1.00s(1.000),SPEAKER_23,DJ
speech,952.28,954.46,2.180000000000064,제 속마음이 뭐예요?,SPEAKER_23:1.00s(1.000),SPEAKER_23,DJ
speech,954.48,959.43,4.949999999999932,아 진짜 500일에서 한 번 좋아하는 영화였는데 이제 생각만 해도 열 번 치네요 진짜!,SPEAKER_23:1.00s(1.000),SPEAKER_23,DJ
speech,964.22,980.44,16.220000000000027,They made a statue of us And they put it on a mountaintop,SPEAKER_06:1.00s(1.000),SPEAKER_06,MUSIC
speech,998.9,1019.34,20.44000000000005,They'll name a city after us And later say it's all our fault Then they'll give us a talking to Then they'll give us a talking to Cause they've got years of experience,SPEAKER_06:1.00s(1.000),SPEAKER_06,MUSIC
speech,1060.03,1079.21,19.180000000000064,we wear our scarves just like the news but not cause we want eternal sleep and though our parts are slightly used new ones are slave labor you can keep,SPEAKER_06:1.00s(1.000),SPEAKER_06,MUSIC
speech,1086.82,1111.22,24.40000000000009,러머징 포 앤서스 인 더 베이전스 러러러러러러러러러러러러러러러러러러러러러러러러러러러러러러러러러러러러러러러러러러러러러러러러러러러러러러러러러러러러러러러러러러러러러러러러러러러러러러러러러러러러러러러러러러러러러러러러러러러러러러러러러러러러러러러러러러러러러러러러러러러러러러러러러러러러러러러러러러러러러러러러러러러러러러러러러러러러러러러러러러러러러러러러러러러러러러러러러러러러러러러러러러러러러러러러러러러러러러러러러러러러러러러�,SPEAKER_06:1.00s(1.000),SPEAKER_06,AD
speech,1170.87,1181.77,10.900000000000093,고맙습니다.,SPEAKER_06:1.00s(1.000),SPEAKER_06,AD
speech,1216.41,1240.73,24.319999999999936,한글자막 by 한효정 한글자막 by 한효정,UNKNOWN:1.00s(1.000),,AD
speech,1249.91,1253.72,3.8099999999999454,영화 500일의 썸머에서 레지나 스펙터의 어스 듣고 왔습니다.,SPEAKER_23:1.00s(1.000),SPEAKER_23,DJ
speech,1253.84,1256.38,2.540000000000191,2010년에 개봉한 영화 500일의 썸머.,SPEAKER_23:1.00s(1.000),SPEAKER_23,DJ
speech,1256.96,1263.46,6.5,스파이더맨 시리즈와 곧 개봉할 백설공주의 실세판 감독 마크 웹 감독의 작품.,SPEAKER_23:1.00s(1.000),SPEAKER_23,DJ
speech,1263.48,1267.68,4.2000000000000455,"조셉 고든 레빗, 주이디 샤넬이 주연을 맡았습니다.",SPEAKER_23:1.00s(1.000),SPEAKER_23,DJ
speech,1267.66,1293.52,25.8599999999999,500일 동안 남녀의 만남과 헤어짐을 그린 작품 너무 당황했어요 리액션을 하셨어요 지금 앞에서 음 이러시면서 네 계속 계시죠 왜냐하면 오늘 영화는 방울방울은 하지영 성우님과 함께 했는데요 다른 날 같았으면 2부에서 다시 만날 텐데 오늘은 같이 연애 상담해드리려고 마이크를 켜뒀어요 자 우리 하지영 성우님 3223님 이 사람 왜 이런 거예요 열받네 일단 인사드립니다 안녕하세요 하지영 성우입니다,SPEAKER_23:1.00s(1.000),SPEAKER_23,DJ
speech,1293.5,1298.13,4.630000000000109,제가 인사드린 적이 거의 없었는데 드디어 후토크로 인사드릴 수 있게 됐네요.,SPEAKER_11:1.00s(1.000),SPEAKER_11,GUEST
speech,1298.15,1303.87,5.7199999999998,제가 보면 게시판에도 저랑 비슷한 게시판 터졌어요.,SPEAKER_11:1.00s(1.000),SPEAKER_11,GUEST
speech,1303.88,1305.73,1.849999999999909,저랑 비슷한 생각들이 많으신 것 같아요.,SPEAKER_11:1.00s(1.000),SPEAKER_11,GUEST
speech,1306.03,1307.21,1.1800000000000637,이거 완전 마음 없는 거잖아요.,SPEAKER_23:1.00s(1.000),SPEAKER_23,DJ
speech,1307.23,1307.31,0.0799999999999272,그렇죠?,SPEAKER_11:1.00s(1.000),SPEAKER_11,GUEST
speech,1307.33,1308.66,1.3300000000001546,전혀 없고요.,SPEAKER_23:1.00s(1.000),SPEAKER_23,DJ
speech,1308.7,1309.3,0.599999999999909,어떻게 쓰려,SPEAKER_23:1.00s(1.000),SPEAKER_23,DJ
speech,1309.28,1310.88,1.6000000000001364,전혀 없는 거고.,SPEAKER_11:1.00s(1.000),SPEAKER_11,GUEST
speech,1311.28,1311.34,0.0599999999999454,나쁜.,SPEAKER_23:1.00s(1.000),SPEAKER_23,DJ
speech,1312.0,1312.06,0.0599999999999454,왜냐.,SPEAKER_11:1.00s(1.000),SPEAKER_11,GUEST
speech,1312.83,1317.19,4.360000000000127,그러니까 이 남자는 지금 사귀었었던 사람이잖아요.,SPEAKER_11:1.00s(1.000),SPEAKER_11,GUEST
speech,1317.84,1323.59,5.75,사귀었었던 사람은 가장 가까이 있었고 삶을 함께했던 사람인데 생활을.,SPEAKER_11:1.00s(1.000),SPEAKER_11,GUEST
speech,1324.47,1327.49,3.019999999999982,그 좋아했던 마음만 걷어낸 상태.,SPEAKER_11:1.00s(1.000),SPEAKER_11,GUEST
speech,1327.51,1328.9,1.3900000000001,그럼 어떻게 될까요.,SPEAKER_11:1.00s(1.000),SPEAKER_11,GUEST
speech,1329.58,1329.92,0.3400000000001455,그건 뭐 베스트 프렌드죠 그냥.,SPEAKER_11:1.00s(1.000),SPEAKER_11,GUEST
speech,1329.9,1347.76,17.8599999999999,그냥 너무 친하니까 너무 편하고 가장 편한 상태니까 내가 옷을 커플티를 입었든 말든 그냥 뭐 그냥 지피는 대로 입은 거고 OTT 그런 거 다 해제하고 또 다시 뭐 이렇게 가르고 나누고 귀찮으니까 너무 별로다 게으른 남자일 뿐인 거죠,SPEAKER_11:1.00s(1.000),SPEAKER_11,GUEST
speech,1347.74,1349.3,1.5599999999999454,진짜 진짜 싫네요.,SPEAKER_23:1.00s(1.000),SPEAKER_23,DJ
speech,1349.32,1352.78,3.4600000000000364,하지만 이게 언젠가 큰 화를 불러올 것이다.,SPEAKER_11:1.00s(1.000),SPEAKER_11,GUEST
speech,1352.8,1354.29,1.490000000000009,라는 경고를 드립니다.,SPEAKER_11:1.00s(1.000),SPEAKER_11,GUEST
speech,1354.31,1355.87,1.5599999999999454,이거 신고할까봐요.,SPEAKER_23:1.00s(1.000),SPEAKER_23,DJ
speech,1355.89,1358.11,2.2199999999998,이거 신고한다 그러세요.,SPEAKER_23:1.00s(1.000),SPEAKER_23,DJ
speech,1358.13,1361.1,2.9699999999998,너 프로필 안 나가면 난 신고한다.,SPEAKER_23:1.00s(1.000),SPEAKER_23,DJ
speech,1361.12,1361.32,0.2000000000000454,신고.,SPEAKER_23:1.00s(1.000),SPEAKER_23,DJ
speech,1361.34,1362.08,0.7400000000000091,겁이라도 주는 거죠.,SPEAKER_23:1.00s(1.000),SPEAKER_23,DJ
speech,1364.24,1364.48,0.2400000000000091,신고는 안 될 테지만.,SPEAKER_23:1.00s(1.000),SPEAKER_23,DJ
speech,1364.5,1368.35,3.849999999999909,근데 왜 새 여자는 왜 만나는 거예요?,SPEAKER_23:1.00s(1.000),SPEAKER_23,DJ
speech,1368.37,1370.67,2.300000000000182,새 여자 이미 이 남자의 마음은 준비가 됐죠.,SPEAKER_11:1.00s(1.000),SPEAKER_11,GUEST
speech,1370.69,1372.33,1.639999999999873,이미 방이 비워졌으니까.,SPEAKER_11:1.00s(1.000),SPEAKER_11,GUEST
speech,1374.4,1375.28,0.8799999999998818,방은 비웠는데 왜 방 안 빼요?,SPEAKER_23:1.00s(1.000),SPEAKER_23,DJ
speech,1375.71,1400.72,25.00999999999999,그 방은 또 다른 방이고 그 방은 다른 방이고 그 방은 쉐어해야 되는 방인 거고 이 마음의 방은 완전히 깨끗하게 비워졌으니까 새로운 손님을 받아야 된다 저도 그런 거 같긴 한데 근데 다른 의견이 있습니다 6933님은 저도 그런 경험이 있어요 똑같이 CC였고 헤어졌는데도 만날 때처럼 똑같이 굴었어요 그러다 우리가 헤어졌나 헷갈릴 지경이 됐고 지금 결혼했다고 근데 이분은 이분은 딴 사람이 없었던 게 아닐까요?,SPEAKER_23:1.00s(1.000),SPEAKER_23,DJ
speech,1400.84,1403.33,2.490000000000009,새로운 투숙객을 받지 않은 거죠 투숙객,SPEAKER_11:1.00s(1.000),SPEAKER_11,GUEST
speech,1403.31,1407.89,4.580000000000155,받지 않았기 때문에 방이 좀 약간 애매하게 차있었다.,SPEAKER_11:1.00s(1.000),SPEAKER_11,GUEST
speech,1407.91,1408.44,0.5299999999999727,누가 있는데도 이랬나?,SPEAKER_23:1.00s(1.000),SPEAKER_23,DJ
speech,1408.5,1410.03,1.5299999999999727,이러면 진짜 찐 인연이네요.,SPEAKER_23:1.00s(1.000),SPEAKER_23,DJ
speech,1411.37,1414.92,3.550000000000182,너무 별로다.,SPEAKER_23:1.00s(1.000),SPEAKER_23,DJ
speech,1414.94,1417.86,2.9199999999998454,그냥 확 끊어버려야지 뭔가 후속도 있을 것 같지 않아요?,SPEAKER_23:1.00s(1.000),SPEAKER_23,DJ
speech,1418.18,1418.26,0.0799999999999272,맞아요.,SPEAKER_11:1.00s(1.000),SPEAKER_11,GUEST
speech,1418.5,1422.59,4.089999999999918,이럴 때는 그냥 아예 관계를 그냥 정말 셧다운 해야죠.,SPEAKER_11:1.00s(1.000),SPEAKER_11,GUEST
speech,1422.61,1423.33,0.7200000000000273,셧다운.,SPEAKER_11:1.00s(1.000),SPEAKER_11,GUEST
speech,1423.35,1423.99,0.6400000000001,아예 보이지도 않게.,SPEAKER_11:1.00s(1.000),SPEAKER_11,GUEST
speech,1424.23,1428.71,4.480000000000018,그리고 뭐 다른 사람을 만나면 또 질투라든 말든 하겠죠.,SPEAKER_23:1.00s(1.000),SPEAKER_23,DJ
speech,1428.73,1429.26,0.5299999999999727,그렇죠.,SPEAKER_11:1.00s(1.000),SPEAKER_11,GUEST
speech,1429.28,1435.94,6.660000000000082,임영섭님은 남자들은 못 잊어서라기보다는 그냥 커플티 상관없이 아무 옷이나 보이는 거 집어서 입고 맞아요.,SPEAKER_11:1.00s(1.000),SPEAKER_11,GUEST
speech,1435.96,1436.77,0.8099999999999454,입은 거예요.,SPEAKER_11:1.00s(1.000),SPEAKER_11,GUEST
speech,1437.35,1437.99,0.6400000000001,진짜 그런 거 보신 적 있어요?,SPEAKER_11:1.00s(1.000),SPEAKER_11,GUEST
speech,1438.01,1438.13,0.1200000000001182,경험담이다.,SPEAKER_11:1.00s(1.000),SPEAKER_11,GUEST
speech,1438.15,1438.53,0.3799999999998817,경험담이다.,SPEAKER_23:1.00s(1.000),SPEAKER_23,DJ
speech,1438.51,1443.25,4.740000000000009,사실 커플티를 한 적은 없는데 헤어지면 그 물건 또 입고 그래요?,SPEAKER_11:1.00s(1.000),SPEAKER_11,GUEST
speech,1443.33,1445.08,1.75,버리지 않고?,SPEAKER_23:1.00s(1.000),SPEAKER_23,DJ
speech,1445.1,1445.4,0.3000000000001819,네.,SPEAKER_23:1.00s(1.000),SPEAKER_23,DJ
speech,1445.42,1446.06,0.6399999999998727,아 진짜요?,SPEAKER_23:1.00s(1.000),SPEAKER_23,DJ
speech,1446.36,1447.3,0.9400000000000546,이유가 뭐예요?,SPEAKER_23:1.00s(1.000),SPEAKER_23,DJ
speech,1447.32,1449.0,1.6800000000000637,추억이 있어서?,SPEAKER_11:1.00s(1.000),SPEAKER_11,GUEST
speech,1449.1,1450.52,1.4200000000000728,교과서에 지금 답이 있습니다.,SPEAKER_11:1.00s(1.000),SPEAKER_11,GUEST
speech,1450.86,1453.29,2.430000000000064,조금의 추억도 있는 거 아니에요?,SPEAKER_23:1.00s(1.000),SPEAKER_23,DJ
speech,1453.31,1453.39,0.0800000000001546,아니요.,SPEAKER_11:1.00s(1.000),SPEAKER_11,GUEST
speech,1453.41,1456.29,2.8799999999998818,추억 필요 없고 옷은 죄가 없다.,SPEAKER_11:1.00s(1.000),SPEAKER_11,GUEST
speech,1456.31,1458.27,1.9600000000000364,가서 불 질러버려야겠다.,SPEAKER_23:1.00s(1.000),SPEAKER_23,DJ
speech,1458.29,1460.62,2.3299999999999272,그 옷들 다 돌려받고 불 지르자.,SPEAKER_23:1.00s(1.000),SPEAKER_23,DJ
speech,1460.6,1462.34,1.740000000000009,옷은 괜찮아 사람이 문제지.,SPEAKER_11:1.00s(1.000),SPEAKER_11,GUEST
speech,1462.36,1465.2,2.840000000000145,아 나 열받네.,SPEAKER_11:1.00s(1.000),SPEAKER_11,GUEST
speech,1465.22,1465.26,0.0399999999999636,네.,SPEAKER_23:1.00s(1.000),SPEAKER_23,DJ
speech,1465.28,1466.4,1.1200000000001182,마음이 있는 거 아니에요?,SPEAKER_23:1.00s(1.000),SPEAKER_23,DJ
speech,1466.42,1467.27,0.849999999999909,근데 얄밉긴 하다.,SPEAKER_23:1.00s(1.000),SPEAKER_23,DJ
speech,1467.29,1469.89,2.6000000000001364,피덩이한테 차이고 돌아온 데도 사귀지 말라고.,SPEAKER_23:1.00s(1.000),SPEAKER_23,DJ
speech,1469.91,1471.47,1.5599999999999454,귀찮이지만 쉽게 못 버린다고.,SPEAKER_23:1.00s(1.000),SPEAKER_23,DJ
speech,1471.49,1471.59,0.099999999999909,맞아요.,SPEAKER_11:1.00s(1.000),SPEAKER_11,GUEST
speech,1471.61,1474.42,2.810000000000173,다시 돌아온 거 사귀는 거는 너무 안 되죠.,SPEAKER_11:1.00s(1.000),SPEAKER_11,GUEST
speech,1475.58,1475.76,0.1800000000000636,이건 안 됩니다.,SPEAKER_11:1.00s(1.000),SPEAKER_11,GUEST
speech,1475.78,1479.62,3.839999999999918,9689님은 남자가 그냥이라면 그냥 맞습니다.,SPEAKER_11:1.00s(1.000),SPEAKER_11,GUEST
speech,1479.64,1481.87,2.229999999999791,아무 의미 없습니다.,SPEAKER_11:1.00s(1.000),SPEAKER_11,GUEST
speech,1481.89,1482.01,0.1199999999998908,아 맞아요.,SPEAKER_11:1.00s(1.000),SPEAKER_11,GUEST
speech,1482.03,1484.13,2.1000000000001364,그런데 제가 아까 경고를 드린 이유가 있어요.,SPEAKER_11:1.00s(1.000),SPEAKER_11,GUEST
speech,1484.15,1489.44,5.289999999999964,제가 예전의 경험담으로 저도 막 사진 같은 걸 지우는 스타일이 아니라서,SPEAKER_11:1.00s(1.000),SPEAKER_11,GUEST
speech,1489.42,1500.42,11.0,그게 노트북에 제 노트북에 사진이 좀 있었는데 새롭게 사귄 여자친구랑 그냥 제 노트북에 있는 거 막 보다가 제 옛날 사진 같은 거 같이 보셨어요?,SPEAKER_11:1.00s(1.000),SPEAKER_11,GUEST
speech,1500.44,1507.24,6.7999999999999545,그게 하나가 제 볼에 전 여친이 뽀뽀하고 있는 사진이 하나 있었던 거예요 그냥 같이 찍은 사진이 아니고 큰일 났다,SPEAKER_11:1.00s(1.000),SPEAKER_11,GUEST
speech,1507.22,1509.71,2.490000000000009,그거는 그 자리에서 바로 지워버렸어요.,SPEAKER_11:1.00s(1.000),SPEAKER_11,GUEST
speech,1509.73,1510.11,0.3799999999998817,그거 어떻게 해죠 근데?,SPEAKER_23:1.00s(1.000),SPEAKER_23,DJ
speech,1510.45,1510.55,0.099999999999909,열받겠다.,SPEAKER_23:1.00s(1.000),SPEAKER_23,DJ
speech,1510.57,1513.13,2.560000000000173,근데 이미 본 거는 망각하기가 어렵잖아요.,SPEAKER_11:1.00s(1.000),SPEAKER_11,GUEST
speech,1513.15,1515.34,2.189999999999827,그래서 여자친구가 굉장히 많이 서운해했었던.,SPEAKER_11:1.00s(1.000),SPEAKER_11,GUEST
speech,1516.56,1518.5,1.9400000000000543,그날 하루 종일 제가 풀어준다고 힘들었습니다.,SPEAKER_11:1.00s(1.000),SPEAKER_11,GUEST
speech,1518.52,1519.92,1.400000000000091,그렇게 들키더라고요.,SPEAKER_23:1.00s(1.000),SPEAKER_23,DJ
speech,1519.94,1522.55,2.6099999999999,저는 헤어지면 다 싹 다 버렸어요.,SPEAKER_23:1.00s(1.000),SPEAKER_23,DJ
speech,1524.2,1526.62,2.4199999999998454,그게 사실 좋습니다.,SPEAKER_11:1.00s(1.000),SPEAKER_11,GUEST
speech,1526.64,1526.9,0.2599999999999909,맞아요.,SPEAKER_11:1.00s(1.000),SPEAKER_11,GUEST
speech,1526.92,1527.68,0.7599999999999909,그게 좋습니다.,SPEAKER_23:1.00s(1.000),SPEAKER_23,DJ
speech,1528.03,1529.01,0.9800000000000182,재밌었습니다.,SPEAKER_23:1.00s(1.000),SPEAKER_23,DJ
speech,1529.03,1532.65,3.6200000000001182,하지영 성우님 오늘 전남침 입장 잘 들어봤어요.,SPEAKER_23:1.00s(1.000),SPEAKER_23,DJ
speech,1532.67,1534.04,1.3699999999998909,진짜 마음이 아프네요.,SPEAKER_23:1.00s(1.000),SPEAKER_23,DJ
speech,1534.2,1536.2,2.0,이거 진짜 아무것도 아닌 것 같아요.,SPEAKER_23:1.00s(1.000),SPEAKER_23,DJ
speech,1536.22,1536.84,0.6199999999998909,그냥 잊으시고요.,SPEAKER_23:1.00s(1.000),SPEAKER_23,DJ
speech,1537.56,1538.87,1.3099999999999454,그 사람 고소하세요.,SPEAKER_23:1.00s(1.000),SPEAKER_23,DJ
speech,1539.61,1540.63,1.0200000000002092,열받네 진짜.,SPEAKER_22:1.00s(1.000),SPEAKER_22,AD
speech,1542.33,1543.6,1.2699999999999818,그렇게 겁만 주세요.,SPEAKER_23:1.00s(1.000),SPEAKER_23,DJ
speech,1543.62,1545.12,1.5,이게 고소가 되는 것도 아니라서.,SPEAKER_23:1.00s(1.000),SPEAKER_23,DJ
speech,1545.14,1546.84,1.699999999999818,민사로 가셔야죠.,SPEAKER_23:1.00s(1.000),SPEAKER_23,DJ
speech,1546.86,1548.03,1.1700000000000728,그럼 돈만 들어요.,SPEAKER_23:1.00s(1.000),SPEAKER_23,DJ
speech,1548.05,1550.93,2.880000000000109,돈도 깨지면 너무 씁쓸하잖아요.,SPEAKER_23:1.00s(1.000),SPEAKER_23,DJ
speech,1550.95,1553.48,2.5299999999999727,고소 많이 해봐서 아는데 돈 많이 깨졌는데.,SPEAKER_23:1.00s(1.000),SPEAKER_23,DJ
speech,1553.5,1556.67,3.1700000000000728,아무튼 이탈일스무비 다시 촉촉한 사랑이야기로 만날게요.,SPEAKER_23:1.00s(1.000),SPEAKER_23,DJ
speech,1556.65,1573.34,16.689999999999827,다시 만나요 영화 열킨 이런 재밌는 사연 보내주세요 시네타운 홈페이지 들어오셔서 게시판에 남겨주시면 됩니다 사연 소개된 분들께는 백화점 상품권 드려요 영화는 방울방울은 카페인 부담 없이 맛과 향은 그대로 맥심 디카페인 커피 믹스와 함께해요,SPEAKER_23:1.00s(1.000),SPEAKER_23,DJ
speech,1573.32,1600.0,26.680000000000064,박하산의 시내타운에서 준비한 문화선물입니다 보고 싶은 작품 문자 또는 고릴라로 신청하시거나 시내타운 홈페이지 문화선물 게시판에 댓글 남겨주세요 영화 모아나2 예매권 영화 애시드레인 죽음의 비 예매권 영화 자기만의 방 예매권 영화 한 채 아입니다 예매권을 드려요 영화 뮤리웰의 웨딩에서 지금 나오고 있죠 아바의 아이도 아이도 아이도 아이도 듣고 가십시오,SPEAKER_23:1.00s(1.000),SPEAKER_23,DJ
speech,1664.9,1672.39,7.490000000000009,닥터피엘과 함께하는 SBS 캠페인 물은 생명이다.,SPEAKER_02:1.00s(1.000),SPEAKER_02,AD
speech,1672.41,1677.84,5.429999999999836,추운 날 난방까지 하게 되면 실내가 건조해지기 쉽죠.,SPEAKER_02:1.00s(1.000),SPEAKER_02,AD
speech,1677.86,1685.37,7.509999999999991,이런 환경에서는 호흡기 질환이 발생하기 쉽기 때문에 적정 습도를 유지하는 것이 중요한데요.,SPEAKER_02:1.00s(1.000),SPEAKER_02,AD
speech,1686.23,1691.28,5.0499999999999545,가정에서 습도 조절을 위해 흔히 사용하는 것이 가습기입니다.,SPEAKER_02:1.00s(1.000),SPEAKER_02,AD
speech,1691.26,1721.0,29.74000000000001,하지만 가습기는 세균 번식이 쉬워 자주 세척을 해줘야 하고 쓸 때마다 물을 채워야 해서 많은 물을 사용하게 되죠 이럴 땐 젖은 빨래를 활용해보세요 방에 젖은 빨래를 널어두면 습도도 올라가고 물도 절약할 수 있습니다 SBS 캠페인 물은 생명이다 우리 가족 깨끗한 물 이중필터 샤워기 닥터피엘과 함께합니다,SPEAKER_02:1.00s(1.000),SPEAKER_02,AD
speech,1725.9,1733.82,7.919999999999845,"지키고 싶은 연인, 가족, 우리 아이, 건강, 농업, 그리고 지구를 위해.",SPEAKER_04:1.00s(1.000),SPEAKER_04,AD
speech,1734.52,1736.92,2.400000000000091,"나와 지구, 우리 모두를 지키는 방법.",SPEAKER_04:1.00s(1.000),SPEAKER_04,AD
speech,1737.81,1739.71,1.900000000000091,커져라 친환경 농산물.,SPEAKER_04:1.00s(1.000),SPEAKER_04,AD
speech,1740.37,1744.64,4.270000000000209,지구를 지키는 농부와 친환경 농산물 자조금 관리위원회가 함께합니다.,SPEAKER_04:1.00s(1.000),SPEAKER_04,AD
speech,1745.6,1753.55,7.950000000000045,바다의 맛이 살아있는 구룡포 푸짐한 먹거리와 즐거움이 가득한 축제의 현장으로 여러분을 초대합니다.,SPEAKER_09:1.00s(1.000),SPEAKER_09,AD
speech,1753.57,1763.07,9.5,11월 2일부터 12월 15일 매주 주말 오감을 만족시키는 구룡포 해양미식축제 놓치지 마세요.,SPEAKER_04:1.00s(1.000),SPEAKER_04,AD
speech,1763.09,1764.87,1.7799999999999727,구룡포 해양미식축제,SPEAKER_09:1.00s(1.000),SPEAKER_09,AD
speech,1765.56,1767.44,1.8800000000001087,"안녕하세요 박재범, 이창섭입니다.",SPEAKER_16:1.00s(1.000),SPEAKER_16,AD
speech,1767.61,1771.73,4.120000000000118,SBS 글로벌 보이그룹 어댓인 유니버슬리그가 11월에 찾아옵니다.,SPEAKER_16:1.00s(1.000),SPEAKER_16,AD
speech,1772.04,1777.55,5.509999999999991,"글로벌 케이팝 아이돌 데뷔를 위한 치열한 드림매치, 소년들의 여정에 함께해주세요.",SPEAKER_16:1.00s(1.000),SPEAKER_16,AD
speech,1777.57,1784.26,6.690000000000055,SBS 유니버슬리그는 11월 22일 금요일 밤 11시 20분에 첫 방송됩니다.,SPEAKER_16:1.00s(1.000),SPEAKER_16,AD
speech,1785.34,1787.3,1.9600000000000364,도심 속 가을 낭만.,SPEAKER_15:1.00s(1.000),SPEAKER_15,AD
speech,1787.32,1788.44,1.1200000000001182,러브 인 서울 2024.,SPEAKER_15:1.00s(1.000),SPEAKER_15,AD
speech,1788.92,1793.49,4.569999999999936,"자이언티, 기리보이, 원슈타인, 스쿠도모의 스탠다드 프렌즈.",SPEAKER_15:1.00s(1.000),SPEAKER_15,AD
speech,1793.51,1798.58,5.069999999999936,"FD 아일랜드, 엠플라이, 패더 엘리아스, 존케이 출연의 릴레이 콘서트.",SPEAKER_15:1.00s(1.000),SPEAKER_15,AD
speech,1798.6,1800.8,2.200000000000045,11월 16일부터 24일까지.,SPEAKER_15:1.00s(1.000),SPEAKER_15,AD
speech,1800.82,1802.12,1.2999999999999543,블루스케어 마스터 카드홀.,SPEAKER_15:1.00s(1.000),SPEAKER_15,AD
speech,1802.63,1805.17,2.539999999999964,문의 1544-1555.,SPEAKER_15:1.00s(1.000),SPEAKER_15,AD
speech,1805.15,1834.67,29.519999999999985,전국의 사장님들을 위한 3글자 스피드 퀴즈 1위 라디오 채널은 SBS 1등 인터넷 라디오는 고릴라 두당없는 비용으로 고릴라에 광고하면 뭐가 쑥 매출 광고기 가성비 갑 지금 바로 고릴라 광고를 검색해보세요 고릴라 랄랄랄랄라 랄랄랄랄라 랄랄랄랄라 랄랄랄랄라 고릴라,SPEAKER_07:1.00s(1.000),SPEAKER_07,AD
speech,1835.64,1842.37,6.729999999999791,sbs 생활정보 겨울의 두 번째 절기 소설입니다.,SPEAKER_19:1.00s(1.000),SPEAKER_19,AD
speech,1842.53,1844.31,1.7799999999999727,겨울로 넘어가는 길목인데요.,SPEAKER_19:1.00s(1.000),SPEAKER_19,AD
speech,1844.67,1848.16,3.490000000000009,오늘 아침 중부지방은 공기가 다시 차가워졌습니다.,SPEAKER_19:1.00s(1.000),SPEAKER_19,AD
speech,1848.58,1851.46,2.880000000000109,낮 동안에도 대부분 10도 안팎에 머물겠고요.,SPEAKER_19:1.00s(1.000),SPEAKER_19,AD
speech,1851.84,1855.59,3.75,서울 10도 대전 11도 대구 13도가 되겠습니다.,SPEAKER_19:1.00s(1.000),SPEAKER_19,AD
speech,1855.61,1858.79,3.180000000000064,바람도 약간 더해져 체감추위는 더 크겠습니다.,SPEAKER_19:1.00s(1.000),SPEAKER_19,AD
speech,1859.43,1862.28,2.849999999999909,이번 주말에는 맑은 날씨 드러나겠습니다.,SPEAKER_19:1.00s(1.000),SPEAKER_19,AD
speech,1862.26,1866.32,4.059999999999945,햇볕까지 더해지면서 예년 기온과 비슷하거나 조금 높겠는데요.,SPEAKER_19:1.00s(1.000),SPEAKER_19,AD
speech,1866.82,1874.01,7.190000000000055,"내일 서울 아침 기온 1도, 한낮에는 12도로 아침에는 춥겠고 일교차가 크게 벌어지겠습니다.",SPEAKER_19:1.00s(1.000),SPEAKER_19,AD
speech,1874.03,1876.93,2.900000000000091,한편 다음 주 화요일엔 전국에 비 예보 있습니다.,SPEAKER_19:1.00s(1.000),SPEAKER_19,AD
speech,1876.95,1879.54,2.589999999999918,11월 치고 많은 비가 내리겠는데요.,SPEAKER_19:1.00s(1.000),SPEAKER_19,AD
speech,1879.92,1884.04,4.119999999999891,현재 낙엽이 많이 쌓여 있어 배수관에 물이 역류할 위험도 있습니다.,SPEAKER_19:1.00s(1.000),SPEAKER_19,AD
speech,1884.5,1886.73,2.230000000000018,피해 없도록 점검하셔야겠습니다.,SPEAKER_19:1.00s(1.000),SPEAKER_19,AD
speech,1888.36,1909.3,20.94000000000005,고객의 생활을 편리하게 초혁신 디지털금융 NH농협은행과 함께합니다.,SPEAKER_07:1.00s(1.000),SPEAKER_07,AD
speech,1921.4,1940.86,19.45999999999981,짧은 영화 한 편 리얼스무비,SPEAKER_23:1.00s(1.000),SPEAKER_23,DJ
speech,1942.24,1957.98,15.740000000000007,유명한데 못 본 영화 봤는데 또 보고 싶은 영화 우리가 사랑한 그 수많은 영화에서 고르고 골라 짧은 한 편으로 선물해 드립니다.,SPEAKER_23:1.00s(1.000),SPEAKER_23,DJ
speech,1958.0,1971.47,13.470000000000027,릴스무비 영화 같은 목소리의 하정성우와 사랑이야기의 클래식 영화 러브어페어를 펼쳐볼게요.,SPEAKER_23:1.00s(1.000),SPEAKER_23,DJ
speech,1971.49,1971.57,0.0799999999999272,릴스무비,UNKNOWN:1.00s(1.000),,AD
speech,1979.01,2002.62,23.6099999999999,은퇴한 스포츠 스타 마이크는 유명한 바람둥이로 토크쇼 국민 MC인 민과 약혼을 발표해 세간의 주목을 받는다.,SPEAKER_11:1.00s(1.000),SPEAKER_11,GUEST
speech,2002.91,2009.84,6.929999999999836,여자친구 덕분에 스포츠 프로 진행자 자리도 꽤 차는 등 돈방석에 오른 마이크.,SPEAKER_11:1.00s(1.000),SPEAKER_11,GUEST
speech,2009.86,2027.55,17.690000000000055,출장 때문에 호주행 비행기에 탑승하는데 재벌은 개 못 준다더니 옆좌석 미모의 여성 테리에게서 눈을 떼지 못한다.,SPEAKER_11:1.00s(1.000),SPEAKER_11,GUEST
speech,2031.61,2032.57,0.9600000000000364,안녕하세요.,SPEAKER_11:1.00s(1.000),SPEAKER_11,GUEST
speech,2033.33,2036.18,2.8500000000001364,전 마이크예요.,SPEAKER_11:1.00s(1.000),SPEAKER_11,GUEST
speech,2036.2,2036.32,0.1199999999998908,안녕하세요.,SPEAKER_23:1.00s(1.000),SPEAKER_23,DJ
speech,2036.34,2038.16,1.820000000000164,테리예요.,SPEAKER_23:1.00s(1.000),SPEAKER_23,DJ
speech,2038.18,2039.72,1.5399999999999636,정신이 없네요.,SPEAKER_11:1.00s(1.000),SPEAKER_11,GUEST
speech,2039.74,2047.15,7.410000000000082,여행을 자주 반복하면 그러니까 뭐랄까 혼란스럽다고요?,SPEAKER_11:1.00s(1.000),SPEAKER_11,GUEST
speech,2047.91,2050.06,2.149999999999864,혼란스럽죠.,SPEAKER_11:1.00s(1.000),SPEAKER_11,GUEST
speech,2050.08,2054.8,4.720000000000255,또 그리고 소외되는 것 같고 네.,SPEAKER_11:1.00s(1.000),SPEAKER_11,GUEST
speech,2054.82,2054.98,0.1599999999998544,바로 그거예요.,SPEAKER_11:1.00s(1.000),SPEAKER_11,GUEST
speech,2057.25,2059.73,2.480000000000018,시드니엔 얼마나 했죠?,SPEAKER_11:1.00s(1.000),SPEAKER_11,GUEST
speech,2059.75,2060.47,0.7199999999997999,이틀이요.,SPEAKER_23:1.00s(1.000),SPEAKER_23,DJ
speech,2060.52,2082.91,22.389999999999876,저랑 같네요 그래도 전 이런 여행 자주 하는 편이 아니라 그쪽처럼 소외될 걱정은 없어요 비행기가 많이 흔들리네요 지갑이 떨어졌군요 제가 주워드릴게요,SPEAKER_23:1.00s(1.000),SPEAKER_23,DJ
speech,2084.55,2089.34,4.789999999999964,지갑 속 사진은 남자친구?,SPEAKER_11:1.00s(1.000),SPEAKER_11,GUEST
speech,2089.36,2090.9,1.5399999999999636,잘생겼네요.,SPEAKER_11:1.00s(1.000),SPEAKER_11,GUEST
speech,2090.92,2093.22,2.299999999999727,진지한 관계예요?,SPEAKER_11:1.00s(1.000),SPEAKER_11,GUEST
speech,2093.24,2096.2,2.9600000000000364,"네, 그럼요.",SPEAKER_23:1.00s(1.000),SPEAKER_23,DJ
speech,2096.22,2102.79,6.570000000000164,근데 기억력이 안 좋은 편이신가 봐요.,SPEAKER_23:1.00s(1.000),SPEAKER_23,DJ
speech,2102.81,2102.85,0.0399999999999636,네?,SPEAKER_23:1.00s(1.000),SPEAKER_23,DJ
speech,2102.87,2104.32,1.4500000000002728,우리 구면인데 기억 못하시죠?,SPEAKER_23:1.00s(1.000),SPEAKER_23,DJ
speech,2104.34,2104.84,0.5,괜찮아요.,SPEAKER_23:1.00s(1.000),SPEAKER_23,DJ
speech,2106.48,2111.05,4.570000000000164,워낙 여자를 많이 만나다 보면 그럴 수 있죠.,SPEAKER_23:1.00s(1.000),SPEAKER_23,DJ
speech,2111.31,2111.51,0.2000000000002728,표정이 왜 그래요?,SPEAKER_23:1.00s(1.000),SPEAKER_23,DJ
speech,2112.11,2112.87,0.7599999999997635,재밌잖아요.,SPEAKER_23:1.00s(1.000),SPEAKER_23,DJ
speech,2113.83,2118.89,5.059999999999945,평생 기억할 멋진 경험을 잊었는데 재밌다고요?,SPEAKER_11:1.00s(1.000),SPEAKER_11,GUEST
speech,2118.91,2126.66,7.75,그렇게 당황하지 말아요.,SPEAKER_23:1.00s(1.000),SPEAKER_23,DJ
speech,2126.68,2126.84,0.1600000000003092,더 재밌으니까.,SPEAKER_11:1.00s(1.000),SPEAKER_11,GUEST
speech,2126.86,2131.07,4.210000000000036,우리 비행기는 기체 결함으로 비상착륙하겠습니다.,SPEAKER_11:1.00s(1.000),SPEAKER_11,GUEST
speech,2140.95,2141.38,0.430000000000291,착륙 주점은 쿡 아일랜드 산호섬입니다.,SPEAKER_23:1.00s(1.000),SPEAKER_23,DJ
speech,2141.39,2141.49,0.099999999999909,어떡해요.,SPEAKER_23:1.00s(1.000),SPEAKER_23,DJ
speech,2141.51,2142.1,0.5899999999996908,상밖에 죄다 바다고 온통 어두운데.,SPEAKER_23:1.00s(1.000),SPEAKER_23,DJ
speech,2142.6,2143.74,1.139999999999873,괜찮아요.,SPEAKER_11:1.00s(1.000),SPEAKER_11,GUEST
speech,2143.76,2144.82,1.0599999999999454,기장이 알아서 할 거예요.,SPEAKER_11:1.00s(1.000),SPEAKER_11,GUEST
speech,2145.74,2154.08,8.340000000000146,좌표랑 궤도를 이용해서요.,SPEAKER_11:1.00s(1.000),SPEAKER_11,GUEST
speech,2154.1,2154.68,0.5799999999999272,엄마!,SPEAKER_11:1.00s(1.000),SPEAKER_11,GUEST
speech,2154.7,2154.78,0.0800000000003819,그래요.,UNKNOWN:1.00s(1.000),,AD
speech,2154.8,2154.88,0.0799999999999272,그래요.,SPEAKER_11:1.00s(1.000),SPEAKER_11,GUEST
speech,2154.9,2155.06,0.1599999999998544,나한테 안겨요.,SPEAKER_11:1.00s(1.000),SPEAKER_11,GUEST
speech,2155.08,2158.03,2.950000000000273,진정이 될 테니까.,SPEAKER_11:1.00s(1.000),SPEAKER_11,GUEST
speech,2203.7,2205.73,2.0300000000002,"테리, 같은 배를 탄 거예요?",SPEAKER_11:1.00s(1.000),SPEAKER_11,GUEST
speech,2206.73,2208.43,1.699999999999818,아깐 하와이행 배를 탄다 했잖아요.,SPEAKER_11:1.00s(1.000),SPEAKER_11,GUEST
speech,2209.15,2212.03,2.880000000000109,빗속에서 4시간이나 기다려야 된대서요.,SPEAKER_23:1.00s(1.000),SPEAKER_23,DJ
speech,2212.05,2213.84,1.7899999999999636,그렇군요.,SPEAKER_11:1.00s(1.000),SPEAKER_11,GUEST
speech,2213.86,2216.86,3.0,짐은 이리 주고 어서 안으로 들어와요.,SPEAKER_11:1.00s(1.000),SPEAKER_11,GUEST
speech,2216.88,2220.35,3.4699999999998,혹시 내가 불편한 건 아니죠?,SPEAKER_11:1.00s(1.000),SPEAKER_11,GUEST
speech,2220.37,2224.59,4.220000000000255,당신 같은 유명인이랑 있으면 남들 시선이 좀 신경 쓰이긴 하죠?,SPEAKER_23:1.00s(1.000),SPEAKER_23,DJ
speech,2224.61,2228.06,3.449999999999818,그게 아니라 우리의 예전 일이요.,SPEAKER_11:1.00s(1.000),SPEAKER_11,GUEST
speech,2228.08,2229.96,1.8800000000001087,난 정말 기억이 없거든요.,SPEAKER_11:1.00s(1.000),SPEAKER_11,GUEST
speech,2230.02,2230.74,0.7199999999997999,이 방이네요.,SPEAKER_23:1.00s(1.000),SPEAKER_23,DJ
speech,2230.76,2232.4,1.639999999999873,21호실.,SPEAKER_23:1.00s(1.000),SPEAKER_23,DJ
speech,2232.42,2232.99,0.569999999999709,들어갈게요.,SPEAKER_23:1.00s(1.000),SPEAKER_23,DJ
speech,2235.8,2264.84,29.039999999999964,마이크 비행기에선 고마웠어요 그럼 예전 우리 일이 뭔지 말해줘요 뭐 별거 아니에요 예전에 호텔 앞에서 택시를 타는데 당신이 내 짐에 걸려서 넘어진 적이 있어요 뭐 실은 그게 다예요 약간 당신이 작업을 걸길래 막으려고 부풀린 거예요 그럼 이만 저는 남자친구한테 전보를 쳐야 해서,SPEAKER_23:1.00s(1.000),SPEAKER_23,DJ
speech,2269.94,2292.96,23.019999999999985,고맙습니다,SPEAKER_18:1.00s(1.000),SPEAKER_18,AD
speech,2299.16,2302.77,3.6100000000001273,"테리, 여기 있었군요.",SPEAKER_11:1.00s(1.000),SPEAKER_11,GUEST
speech,2302.79,2308.5,5.710000000000036,아까 저녁 먹는 내내 당신만 봤어요.,SPEAKER_11:1.00s(1.000),SPEAKER_11,GUEST
speech,2308.52,2311.78,3.2600000000002183,약혼자한테 전보는 쳤어요?,SPEAKER_23:1.00s(1.000),SPEAKER_23,DJ
speech,2311.8,2316.18,4.379999999999654,아주 유명한 토크쇼 진행자랑 약혼한다는 뉴스 봤는데.,SPEAKER_23:1.00s(1.000),SPEAKER_23,DJ
speech,2316.2,2324.6,8.400000000000091,그분이 비행기가 비상착륙해서 갑자기 타이티행 배를 탔다는 뭐 이 거짓말 같은 이야기 믿던가요?,SPEAKER_23:1.00s(1.000),SPEAKER_23,DJ
speech,2324.62,2324.66,0.0399999999999636,네?,SPEAKER_11:1.00s(1.000),SPEAKER_11,GUEST
speech,2324.68,2326.66,1.9800000000000184,원래 쿨한 성격이에요.,SPEAKER_11:1.00s(1.000),SPEAKER_11,GUEST
speech,2328.16,2331.58,3.4200000000000728,당신은 어떤 일을 해요?,SPEAKER_11:1.00s(1.000),SPEAKER_11,GUEST
speech,2331.76,2333.14,1.3799999999996544,난 뮤지션이에요.,SPEAKER_23:1.00s(1.000),SPEAKER_23,DJ
speech,2333.44,2336.37,2.9299999999998363,음악을 하면서 카페 알바를 뛰었거든요.,SPEAKER_23:1.00s(1.000),SPEAKER_23,DJ
speech,2336.39,2342.28,5.890000000000327,근데 어떤 남자를 만나 뉴욕에 있는 그의 아파트 인테리어 일을 하게 됐어요.,SPEAKER_23:1.00s(1.000),SPEAKER_23,DJ
speech,2342.3,2345.74,3.4399999999996,햄튼 저택과 시드니 아파트두요.,SPEAKER_23:1.00s(1.000),SPEAKER_23,DJ
speech,2345.76,2354.05,8.289999999999964,그 남자랑 결혼할 거예요?,SPEAKER_11:1.00s(1.000),SPEAKER_11,GUEST
speech,2354.07,2354.11,0.0399999999999636,네.,UNKNOWN:1.00s(1.000),,AD
speech,2356.57,2361.4,4.829999999999927,왜요?,SPEAKER_11:1.00s(1.000),SPEAKER_11,GUEST
speech,2361.42,2365.79,4.369999999999891,같이 춤출래요?,SPEAKER_11:1.00s(1.000),SPEAKER_11,GUEST
speech,2365.81,2367.93,2.119999999999891,그러고 싶지만 아니요 아니요.,SPEAKER_23:1.00s(1.000),SPEAKER_23,DJ
speech,2367.95,2381.74,13.789999999999964,그냥 가보는 게 좋겠어요.,SPEAKER_23:1.00s(1.000),SPEAKER_23,DJ
speech,2395.89,2397.45,1.5599999999999454,잘 잤어요?,SPEAKER_11:1.00s(1.000),SPEAKER_11,GUEST
speech,2398.46,2405.09,6.630000000000109,식당에 일찍 나왔네요 어젯밤에 내 마음 눈치챘죠?,SPEAKER_23:1.00s(1.000),SPEAKER_23,DJ
speech,2405.73,2411.7,5.9699999999998,그치만 안 돼요 당신도 나만큼이나 인생을 망치고 싶진 않을 거예요?,SPEAKER_23:1.00s(1.000),SPEAKER_23,DJ
speech,2411.72,2425.49,13.769999999999982,지금은 너무 깊게 생각 말아요 그리고 일단 오늘 타이티에 도착하면 같이 내려요 거기서 경비행기를 타면 하루 만에 시드니에 갈 수 있어요 그냥 배를 타면 이틀이 더 걸릴 거예요,SPEAKER_11:1.00s(1.000),SPEAKER_11,GUEST
speech,2427.13,2431.95,4.819999999999709,그리고 그 섬에 또 다른 여자가 있죠 네?,SPEAKER_11:1.00s(1.000),SPEAKER_11,GUEST
speech,2433.84,2452.12,18.279999999999745,우리 숙모님이요 머리가 하얗게 샌 숙모님이 마당에서 거위를 키우는 오두막집,SPEAKER_11:1.00s(1.000),SPEAKER_11,GUEST
speech,2453.42,2461.51,8.090000000000146,바람이 불면 숲속의 모든 잎과 호수의 붉은 물결이 한데 흔들린다.,SPEAKER_11:1.00s(1.000),SPEAKER_11,GUEST
speech,2461.53,2468.5,6.9699999999998,벅차게 아름다워 눈물이 날 것 같은 이곳을 서로 설레는 남녀가 함께 거닌다.,SPEAKER_11:1.00s(1.000),SPEAKER_11,GUEST
speech,2468.52,2480.8,12.2800000000002,입을 맞춘다.,SPEAKER_11:1.00s(1.000),SPEAKER_11,GUEST
speech,2480.82,2482.08,1.2599999999997635,이제 떠나야 할 시간이네요.,SPEAKER_11:1.00s(1.000),SPEAKER_11,GUEST
speech,2483.78,2513.23,29.449999999999815,우린 불장난을 하고 있어요 음 그치만 우리 비행기 타지 말아요 배를 타면 좋겠어요 당신과 이틀을 더 보낼 수 있게 음,SPEAKER_23:1.00s(1.000),SPEAKER_23,DJ
speech,2518.47,2529.45,10.980000000000018,이제 얼마 안 남았군요 행복해요?,SPEAKER_11:1.00s(1.000),SPEAKER_11,GUEST
speech,2529.47,2542.83,13.360000000000127,원하는 사람과 같이 있다는 게 가장 큰 행복 같아요 그래서 지금은 행복해요?,SPEAKER_23:1.00s(1.000),SPEAKER_23,DJ
speech,2542.85,2546.05,3.200000000000273,중요한 건 당신이 진심으로 모험을,SPEAKER_11:1.00s(1.000),SPEAKER_11,GUEST
speech,2546.91,2555.22,8.309999999999945,얼마나 기다려야 해요?,SPEAKER_11:1.00s(1.000),SPEAKER_11,GUEST
speech,2555.24,2569.32,14.080000000000382,3개월이요.,SPEAKER_11:1.00s(1.000),SPEAKER_11,GUEST
speech,2572.91,2579.7,6.789999999999964,우리 3개월 뒤에 엠파이어 스테이트 빌딩 전망대에서 만날까요?,SPEAKER_23:1.00s(1.000),SPEAKER_23,DJ
speech,2579.72,2588.05,8.330000000000382,그리고 만약 한쪽이 안 나타나도 깨끗이 돌아서요.,SPEAKER_23:1.00s(1.000),SPEAKER_23,DJ
speech,2588.07,2590.63,2.559999999999945,이유 같은 건 묻지 않을게요.,SPEAKER_23:1.00s(1.000),SPEAKER_23,DJ
speech,2590.65,2591.82,1.1700000000000728,그래요.,SPEAKER_11:1.00s(1.000),SPEAKER_11,GUEST
speech,2591.84,2596.86,5.019999999999982,당신이 나오지 않더라도 충분히 이해할 수 있어요.,SPEAKER_11:1.00s(1.000),SPEAKER_11,GUEST
speech,2596.88,2596.96,0.0799999999999272,저도요.,UNKNOWN:1.00s(1.000),,AD
speech,2599.95,2622.49,22.539999999999964,두 사람은 각자의 연인과 이별한다.,SPEAKER_11:1.00s(1.000),SPEAKER_11,GUEST
speech,2622.86,2629.89,7.029999999999745,특히 마이크는 떠들썩한 약혼을 파혼한 대가로 스포츠 프로 진행자 자리에서 밀려난다.,SPEAKER_11:1.00s(1.000),SPEAKER_11,GUEST
speech,2629.91,2633.64,3.730000000000018,작은 대학에 스포츠 코치로 취직한 마이크.,SPEAKER_11:1.00s(1.000),SPEAKER_11,GUEST
speech,2633.66,2638.98,5.320000000000164,아이들에게 피아노를 가르치며 다시 만날 날을 기다리는 테리.,SPEAKER_11:1.00s(1.000),SPEAKER_11,GUEST
speech,2639.0,2644.23,5.230000000000018,그리운 날이면 저 멀리 엠파이어 스테이트 빌딩이 등불이 된다.,SPEAKER_11:1.00s(1.000),SPEAKER_11,GUEST
speech,2644.25,2646.68,2.4299999999998363,그리고 드디어 약속의 날.,SPEAKER_11:1.00s(1.000),SPEAKER_11,GUEST
speech,2656.86,2659.57,2.7100000000000364,엠파이어 스테이 후트 호텔에 오신 걸 환영합니다.,SPEAKER_22:1.00s(1.000),SPEAKER_22,AD
speech,2659.83,2662.46,2.630000000000109,짐은 객실에 옮겨드릴까요?,SPEAKER_22:1.00s(1.000),SPEAKER_22,AD
speech,2662.48,2662.64,0.1599999999998544,"아, 네.",SPEAKER_11:1.00s(1.000),SPEAKER_11,GUEST
speech,2662.66,2664.24,1.5799999999999272,"가방은 옮겨주시고, 어?",SPEAKER_11:1.00s(1.000),SPEAKER_11,GUEST
speech,2664.34,2666.67,2.3299999999999272,그 그림은 제가 들고 갈게요.,SPEAKER_11:1.00s(1.000),SPEAKER_11,GUEST
speech,2666.69,2677.17,10.480000000000018,전망대로 올라가는 엘리베이터가... 저거 맞죠?,SPEAKER_11:1.00s(1.000),SPEAKER_11,GUEST
speech,2689.97,2694.58,4.610000000000127,기사님 차가 많이 막히네요.,SPEAKER_23:1.00s(1.000),SPEAKER_23,DJ
speech,2694.6,2696.98,2.380000000000109,엠파이트 스테이트 빌딩까지는 얼마나 걸릴까요?,SPEAKER_23:1.00s(1.000),SPEAKER_23,DJ
speech,2697.0,2700.78,3.7800000000002,이제 여기만 돌면 나올 거예요.,SPEAKER_10:1.00s(1.000),SPEAKER_10,AD
speech,2700.8,2703.75,2.949999999999818,정말 뉴욕 교통체증 아주 지긋지긋해요.,SPEAKER_10:1.00s(1.000),SPEAKER_10,AD
speech,2703.77,2704.91,1.139999999999873,여기서 내릴게요.,SPEAKER_23:1.00s(1.000),SPEAKER_23,DJ
speech,2704.93,2707.17,2.2400000000002365,여기 차비.,SPEAKER_23:1.00s(1.000),SPEAKER_23,DJ
speech,2707.25,2708.33,1.0799999999999272,50달러나 준다고요?,SPEAKER_10:1.00s(1.000),SPEAKER_10,AD
speech,2708.35,2710.68,2.3299999999999272,받아주세요.,SPEAKER_23:1.00s(1.000),SPEAKER_23,DJ
speech,2710.7,2711.88,1.180000000000291,저 곧 결혼해요.,SPEAKER_23:1.00s(1.000),SPEAKER_23,DJ
speech,2711.9,2714.92,3.019999999999982,처음 말하는 거예요.,SPEAKER_23:1.00s(1.000),SPEAKER_23,DJ
speech,2714.94,2718.93,3.9899999999997817,TV 42달러나 되는구만.,SPEAKER_10:1.00s(1.000),SPEAKER_10,AD
speech,2718.95,2719.63,0.680000000000291,아니 저기...,SPEAKER_23:1.00s(1.000),SPEAKER_23,DJ
speech,2756.38,2763.97,7.589999999999691,"마이크 씨, 어젠 종일 전망대에만 계시더니 여행도 안 하고 바로 체크아웃 하시는 거예요?",SPEAKER_22:1.00s(1.000),SPEAKER_22,AD
speech,2763.99,2764.21,0.2200000000002546,네.,SPEAKER_22:1.00s(1.000),SPEAKER_22,AD
speech,2764.23,2764.89,0.6599999999998545,"아, 참.",SPEAKER_22:1.00s(1.000),SPEAKER_22,AD
speech,2764.91,2767.91,3.0,객실에 그림을 두셨길래 챙겨놨어요.,SPEAKER_22:1.00s(1.000),SPEAKER_22,AD
speech,2767.93,2768.47,0.5399999999999636,"아, 그거?",SPEAKER_11:1.00s(1.000),SPEAKER_11,GUEST
speech,2769.68,2772.88,3.200000000000273,실은 깜빡한 게 아니라 그냥 버린 거예요.,SPEAKER_11:1.00s(1.000),SPEAKER_11,GUEST
speech,2773.9,2776.91,3.0099999999997635,그럼 혹시 저희 레스토랑에 걸어도 괜찮을까요?,SPEAKER_22:1.00s(1.000),SPEAKER_22,AD
speech,2777.43,2781.03,3.600000000000364,호숫가에 서 있는 이 여성분 뒷모습이 정말 아름다워요.,SPEAKER_22:1.00s(1.000),SPEAKER_22,AD
speech,2782.05,2785.32,3.269999999999982,이 그림 속 여성분 실제 인물이에요?,SPEAKER_22:1.00s(1.000),SPEAKER_22,AD
speech,2786.41,2787.06,0.650000000000091,모르겠어요.,SPEAKER_11:1.00s(1.000),SPEAKER_11,GUEST
speech,2787.44,2788.88,1.4400000000000546,그냥 가지세요.,SPEAKER_11:1.00s(1.000),SPEAKER_11,GUEST
speech,2788.9,2797.47,8.569999999999709,이제 나한테 가치가 없으니까.,SPEAKER_11:1.00s(1.000),SPEAKER_11,GUEST
speech,2816.27,2821.23,4.960000000000036,선생님 아직 다리에 감각은 없지만 다시 움직일 수 있을 것 같아요.,SPEAKER_23:1.00s(1.000),SPEAKER_23,DJ
speech,2821.31,2822.93,1.6199999999998909,느껴져요.,SPEAKER_23:1.00s(1.000),SPEAKER_23,DJ
speech,2822.95,2826.98,4.0300000000002,아직 모든 게 확실하지 않습니다.,SPEAKER_11:1.00s(1.000),SPEAKER_11,GUEST
speech,2827.0,2832.41,5.409999999999855,제 상태를 좀 더 자세히 말씀해 주세요.,SPEAKER_23:1.00s(1.000),SPEAKER_23,DJ
speech,2832.43,2833.57,1.1400000000003274,일단은 기다려 보세요.,SPEAKER_07:1.00s(1.000),SPEAKER_07,AD
speech,2833.59,2836.65,3.059999999999945,언제까지요?,SPEAKER_23:1.00s(1.000),SPEAKER_23,DJ
speech,2836.67,2838.59,1.9200000000000728,사고 소식을 숨기고 싶은 사람이 있어요.,SPEAKER_23:1.00s(1.000),SPEAKER_23,DJ
speech,2838.61,2840.96,2.349999999999909,걸을 수 있을 때 만나고 싶어서 그래요.,SPEAKER_23:1.00s(1.000),SPEAKER_23,DJ
speech,2854.13,2858.2,4.069999999999709,"어느새 연말, 자선음악회 공연장 앞.",SPEAKER_11:1.00s(1.000),SPEAKER_11,GUEST
speech,2858.22,2862.34,4.120000000000346,테리의 휠체어 바퀴가 눈길을 힘차게 구른다.,SPEAKER_11:1.00s(1.000),SPEAKER_11,GUEST
speech,2862.36,2866.79,4.429999999999836,마이크의 날렵한 구두가 레드카펫을 밟는다.,SPEAKER_11:1.00s(1.000),SPEAKER_11,GUEST
speech,2866.81,2872.06,5.25,공연이 끝나고 객석 사이로 눈이 마주친 마이크와 테리.,SPEAKER_11:1.00s(1.000),SPEAKER_11,GUEST
speech,2872.08,2878.97,6.889999999999873,거리가 먼 데다 찰나의 순간이었지만 분명 서로를 알아본 두 사람이다.,SPEAKER_11:1.00s(1.000),SPEAKER_11,GUEST
speech,2879.81,2884.07,4.260000000000218,"다음 날, 테리의 집에선 담요를 덮은 테리가 소파에 앉아있고",SPEAKER_11:1.00s(1.000),SPEAKER_11,GUEST
speech,2884.2,2910.14,25.94000000000005,도우미 아주머니가 뒷정리에 한창이다 크리스마스인데도 와주셔서 감사해요 이제 집에 가보셔야죠 네 필요한 게 있으면 언제든 연락해요 메리 크리스마스 문은 제가 가면서 열어드릴게요,SPEAKER_22:1.00s(1.000),SPEAKER_22,AD
speech,2913.64,2920.99,7.349999999999909,마이?,SPEAKER_23:1.00s(1.000),SPEAKER_23,DJ
speech,2921.01,2921.2,0.1899999999995998,"어, 오랜만이네요.",SPEAKER_11:1.00s(1.000),SPEAKER_11,GUEST
speech,2921.22,2926.09,4.870000000000346,그래요.,SPEAKER_11:1.00s(1.000),SPEAKER_11,GUEST
speech,2926.11,2926.31,0.1999999999998181,오랜만이에요.,SPEAKER_11:1.00s(1.000),SPEAKER_11,GUEST
speech,2926.33,2930.8,4.470000000000255,어떻게 찾았나 궁금하죠?,SPEAKER_11:1.00s(1.000),SPEAKER_11,GUEST
speech,2930.98,2938.37,7.389999999999873,전화번호부에서 이름을 찾았어요.,SPEAKER_11:1.00s(1.000),SPEAKER_11,GUEST
speech,2938.39,2941.69,3.300000000000182,그날 못 나온 이유가 뭐예요?,SPEAKER_11:1.00s(1.000),SPEAKER_11,GUEST
speech,2941.71,2942.39,0.6799999999998363,그런 거 묻지 않기로 했잖아요.,SPEAKER_23:1.00s(1.000),SPEAKER_23,DJ
speech,2944.79,2949.47,4.679999999999836,그런데 당신 결혼반지를 안 꼈네요.,SPEAKER_11:1.00s(1.000),SPEAKER_11,GUEST
speech,2949.49,2951.37,1.8800000000001087,혹시 그 사람과 아직 만나나 했어요.,SPEAKER_11:1.00s(1.000),SPEAKER_11,GUEST
speech,2951.55,2951.87,0.3199999999997089,아니에요.,SPEAKER_23:1.00s(1.000),SPEAKER_23,DJ
speech,2952.01,2957.16,5.149999999999636,그 사람하고는 헤어졌어요.,SPEAKER_23:1.00s(1.000),SPEAKER_23,DJ
speech,2957.18,2960.12,2.9400000000000546,당신은 잘 지내요?,SPEAKER_23:1.00s(1.000),SPEAKER_23,DJ
speech,2960.14,2965.63,5.4900000000002365,어젯밤 당신을 만나기 전까진 괜찮다고 생각했죠.,SPEAKER_11:1.00s(1.000),SPEAKER_11,GUEST
speech,2965.65,2968.13,2.480000000000018,근데 아니란 걸 알았어요.,SPEAKER_11:1.00s(1.000),SPEAKER_11,GUEST
speech,2968.15,2970.61,2.4600000000000364,그래서 떠나려고요.,SPEAKER_11:1.00s(1.000),SPEAKER_11,GUEST
speech,2970.63,2972.84,2.2100000000000364,그 전에 당신을 마지막으로 보려고 온 거예요.,SPEAKER_11:1.00s(1.000),SPEAKER_11,GUEST
speech,2975.21,2979.16,3.949999999999818,언제 어디로 가는데요?,SPEAKER_23:1.00s(1.000),SPEAKER_23,DJ
speech,2979.18,2985.58,6.400000000000091,그냥 오늘 밤 비행기 중에 가장 멀리 가는 걸 끊었어요.,SPEAKER_11:1.00s(1.000),SPEAKER_11,GUEST
speech,2985.6,2989.97,4.369999999999891,"잘 가요, 마이클.",SPEAKER_11:1.00s(1.000),SPEAKER_11,GUEST
speech,2989.99,2995.29,5.300000000000182,타이티 그곳에 당신이 서 있는 그림을 그렸어요.,SPEAKER_11:1.00s(1.000),SPEAKER_11,GUEST
speech,2995.31,3001.0,5.690000000000055,그걸 당신이 봤으면 좋았을 텐데 상당히 잘 그렸었거든요.,SPEAKER_11:1.00s(1.000),SPEAKER_11,GUEST
speech,3001.02,3002.52,1.5,지금은 어디 있는지 모르지만요.,SPEAKER_11:1.00s(1.000),SPEAKER_11,GUEST
speech,3004.07,3013.06,8.989999999999782,호텔에 그냥 그림을 줬는데 뭐 어떤 숙녀분이 사가겠다고 고집한다길래 그냥 주라고 했죠.,SPEAKER_11:1.00s(1.000),SPEAKER_11,GUEST
speech,3013.08,3032.41,19.329999999999927,직원 말이 뭐 그 손님은 돈이 많아 보이지도 않는데다가 휠체어를 타고 휠체어 몇 시 비행기 일했죠?,SPEAKER_11:1.00s(1.000),SPEAKER_11,GUEST
speech,3032.43,3032.51,0.0800000000003819,잤어요.,UNKNOWN:1.00s(1.000),,AD
speech,3032.55,3051.67,19.11999999999989,저 잠깐 당신 방을 좀 봐도 될까요?,SPEAKER_11:1.00s(1.000),SPEAKER_11,GUEST
speech,3051.69,3057.48,5.789999999999964,"이 그림이... 이 그림이 왜 당신 방에... 마이클, 그런 눈으로 보지 말아요.",SPEAKER_11:1.00s(1.000),SPEAKER_11,GUEST
speech,3057.5,3058.88,1.3800000000001091,왜 진작 말하지 않았어요?,SPEAKER_11:1.00s(1.000),SPEAKER_11,GUEST
speech,3062.47,3092.36,29.890000000000327,우리에게 이런 일이 생겨야 했다면 왜 하필 당신한테 내 잘못이었어요 그날 길을 건너다 위를 올려다 봤거든요 당신이 거기 있을 것 같아서요 걱정 말아요 당신이 그림을 그릴 수 있다면 언젠가 나도 다시 걸을 수 있어요 못할 일이 없죠 이리 와요,SPEAKER_23:1.00s(1.000),SPEAKER_23,DJ
speech,3092.71,3110.7,17.98999999999978,입을 맞추는 두 사람 뒤로 눈이 소복한 창틀 그 너머 저멀리 엠파이어 스테이트 빌딩이 반짝인다,SPEAKER_11:1.00s(1.000),SPEAKER_11,GUEST
speech,3126.24,3150.87,24.63000000000011,"가마치 마치 너무 맛있지 친절하고 맛있는 가마치 완벽한 치킨 1, 2, 3, 4 가마치 마치 가마치 통닭 가마치 마치 통닭의 검증을 마치다 가마치 통닭 고려기부트로 선수교체 매출 쭉쭉 성과 쭉쭉 반쪽물을 구려한",SPEAKER_07:1.00s(1.000),SPEAKER_07,AD
speech,3155.12,3164.07,8.950000000000273,공공기관 우선구매 대상기업 고려기프트 건너오세요.,SPEAKER_21:1.00s(1.000),SPEAKER_21,AD
speech,3164.75,3174.3,9.550000000000182,당신의 퇴직연금이 원하던 글로벌한 세계로 내 연금 상품 그대로 중도해지 없이도 실물이 저는 지금이다.,SPEAKER_21:1.00s(1.000),SPEAKER_21,AD
speech,3174.32,3180.16,5.839999999999691,수익률이 중요한 퇴직연금은 글로벌 투자하는 연금 미래에셋증권으로,SPEAKER_04:1.00s(1.000),SPEAKER_04,AD
speech,3180.58,3207.6,27.019999999999985,안녕하세요 신한 프리미어 모델 김수현입니다,SPEAKER_04:1.00s(1.000),SPEAKER_04,AD
speech,3208.17,3211.49,3.319999999999709,여러분께 특별한 자산관리를 소개합니다.,SPEAKER_20:1.00s(1.000),SPEAKER_20,AD
speech,3211.51,3219.86,8.349999999999909,"투자, 법률, 세무, 부동산 각 분야 전문가들이 당신만을 위한 맞춤 솔루션을 찾아드립니다.",SPEAKER_20:1.00s(1.000),SPEAKER_20,AD
speech,3219.89,3220.67,0.7800000000002001,지금 만나보세요.,SPEAKER_20:1.00s(1.000),SPEAKER_20,AD
speech,3221.23,3224.19,2.9600000000000364,자산관리는 신한 프리미어.,SPEAKER_20:1.00s(1.000),SPEAKER_20,AD
speech,3224.21,3225.79,1.5799999999999272,대한민국 지역균형 발전의 미래.,SPEAKER_01:1.00s(1.000),SPEAKER_01,AD
speech,3226.55,3229.66,3.1099999999996726,태만금 수변 도시가 2025년 모습을 드러냅니다.,SPEAKER_01:1.00s(1.000),SPEAKER_01,AD
speech,3230.68,3240.73,10.050000000000182,"경제, 문화, 교육, 여가가 어우러지는 새만금수변 도시는 차별화된 가치를 제공하며 대한민국 미래 도시로 발돋움할 것입니다.",SPEAKER_01:1.00s(1.000),SPEAKER_01,AD
speech,3240.77,3243.26,2.4900000000002365,이 광고는 새만금개발공사와 함께합니다.,SPEAKER_01:1.00s(1.000),SPEAKER_01,AD
speech,3243.91,3263.12,19.21000000000004,코코코지마 끝까지 시원하죠 코코코 코지마 머리 끝 발끝까지 코코코 코지마 뭉치고 뻐근할 땐 누워만 있으면 피로가 스르르 장윤정의 안마의자 코지마 코코코 코지마 코지마 안마의자,SPEAKER_05:1.00s(1.000),SPEAKER_05,AD
speech,3265.6,3275.54,9.940000000000056,대한민국이 가장 좋아하는 1등 라디오 SBS 파워 FM 잠시 후 12시부터 즐거운 오후의 시작 12시엔 주현영이 방송됩니다.,SPEAKER_04:1.00s(1.000),SPEAKER_04,AD
speech,3280.57,3283.07,2.5,시내타운에서 준비한 상품입니다.,SPEAKER_23:1.00s(1.000),SPEAKER_23,DJ
speech,3283.09,3302.98,19.889999999999876,"백화점 상품권, 급발진 잡는 지넷에서 한문철 블랙박스, 에스테틱 브랜드 라시뎀에서 당 독소 감소 오일, 도드람 양돈 협동조합에서 우리대지 한돈 선물세트, 호신용품은 블랙코브라에서 든든한 호신용 전기충격기, 기억된 향기 줄라이모닝에서 프리미엄 헤어케어세트,",SPEAKER_23:1.00s(1.000),SPEAKER_23,DJ
speech,3302.96,3318.42,15.460000000000036,아비주 뷰티에서 뷰티 상품권,SPEAKER_23:1.00s(1.000),SPEAKER_23,DJ
speech,3318.4,3336.47,18.06999999999971,"건강한 아름다움 올린드에서 샴푸와 트리트먼트 세트, 붓기 고민 해결 부기로우에서 간편 수분 밸런스 칼륨제, 명품 향기 가득 버블큐브에서 조향사 콜라보 캡슐 세제, 골프 마스크 바벤스미스에서 자외선 차단 마스크,",SPEAKER_23:1.00s(1.000),SPEAKER_23,DJ
speech,3336.45,3340.35,3.900000000000091,뷰티 브랜드 방클레오에서 클렌징 오일과 초밀착 쿠션.,SPEAKER_23:1.00s(1.000),SPEAKER_23,DJ
speech,3341.01,3344.86,3.849999999999909,글로벌 클린 뷰티 올릭에서 올릭 그린 선스크린.,SPEAKER_23:1.00s(1.000),SPEAKER_23,DJ
speech,3344.88,3349.33,4.449999999999818,행복을 남은 커피 워너빈에서 드립백 커피 세트를 드립니다.,SPEAKER_23:1.00s(1.000),SPEAKER_23,DJ
speech,3352.4,3355.49,3.0899999999996908,릴리스 무비 러브어페어로 꾸며드렸습니다.,SPEAKER_23:1.00s(1.000),SPEAKER_23,DJ
speech,3358.11,3358.59,0.4800000000000182,이거 다시 봐야겠어요.,SPEAKER_23:1.00s(1.000),SPEAKER_23,DJ
speech,3360.29,3360.37,0.0799999999999272,재밌다.,UNKNOWN:1.00s(1.000),,AD
speech,3360.39,3360.55,0.1600000000003092,보다 껐었는데.,UNKNOWN:1.00s(1.000),,AD
speech,3360.57,3361.53,0.9600000000000364,뒤에가 재밌네.,SPEAKER_23:1.00s(1.000),SPEAKER_23,DJ
speech,3361.55,3361.94,0.3899999999998726,이거 어떠셨어요?,SPEAKER_23:1.00s(1.000),SPEAKER_23,DJ
speech,3361.96,3363.68,1.7199999999998,근데 이렇게 만나면 불안해서.,SPEAKER_23:1.00s(1.000),SPEAKER_23,DJ
speech,3364.38,3375.68,11.299999999999727,사실 뒷부분은 굉장히 찡하고 안타깝기도 하고 뭉클한데 처음에 만남의 시작이 조금 저도 마음에 들지는 않더라고요.,SPEAKER_11:1.00s(1.000),SPEAKER_11,GUEST
speech,3375.66,3393.18,17.519999999999982,한미구님은 일영화로 근데 그 두 분이 결혼해서 지금까지 잘 살고 있다고 지금까지 살고 계시는구나 헐리우드 인꼬부부로 지금 잘 살고 계시다고 하더라고요 자녀가 네 분이래요 심지어 두 분의 나이차가 21살이라고 대단해요 신기하다 멋있어요,SPEAKER_23:1.00s(1.000),SPEAKER_23,DJ
speech,3393.76,3396.67,2.9099999999998545,아지영 사모님 오늘도 감사합니다.,SPEAKER_23:1.00s(1.000),SPEAKER_23,DJ
speech,3396.69,3401.53,4.8400000000001455,하긴 앞에 토크를 많이 했기 때문에 월급 좀 올려주셔야겠어요.,SPEAKER_23:1.00s(1.000),SPEAKER_23,DJ
speech,3401.55,3407.02,5.4699999999998,우리 작가님도 만 원만 주세요.,SPEAKER_23:1.00s(1.000),SPEAKER_23,DJ
speech,3407.04,3407.3,0.2600000000002183,작가님 열심히 하시네요.,SPEAKER_23:1.00s(1.000),SPEAKER_23,DJ
speech,3407.32,3407.66,0.3399999999996907,드려야 돼요.,SPEAKER_23:1.00s(1.000),SPEAKER_23,DJ
speech,3407.92,3412.23,4.309999999999945,제 거를 좀 떼드리는 한이 있어도 드려야 됩니다.,SPEAKER_23:1.00s(1.000),SPEAKER_23,DJ
speech,3412.25,3412.95,0.6999999999998181,우린 다음 주 금요일에 또 만나요.,SPEAKER_23:1.00s(1.000),SPEAKER_23,DJ
speech,3413.29,3414.39,1.099999999999909,끝인사 함께 해주세요.,SPEAKER_23:1.00s(1.000),SPEAKER_23,DJ
speech,3414.65,3415.79,1.139999999999873,오늘 기장 버전으로 해드리겠습니다.,SPEAKER_11:1.00s(1.000),SPEAKER_11,GUEST
speech,3415.81,3417.82,2.0100000000002183,기장?,SPEAKER_11:1.00s(1.000),SPEAKER_11,GUEST
speech,3417.84,3421.56,3.7199999999998,어너러 영화처럼 곰장어 얘기하시네.,SPEAKER_23:1.00s(1.000),SPEAKER_23,DJ
speech,3421.58,3421.66,0.0799999999999272,곰장어?,UNKNOWN:1.00s(1.000),,AD
speech,3445.5,3469.87,24.36999999999989,모든 인쇄 가능한 성원 에드피아 온라인 주문 간편한 성원 에드피아 누구든지 어디서나 쉽고 빠르게 인쇄의 유토피아 성원 에드피아 캘린더 주문도 역시 성원 에드피아 국민 인쇄 성원 에드피아,SPEAKER_07:1.00s(1.000),SPEAKER_07,AD
speech,3470.34,3472.22,1.8799999999996544,일하다 건강이 나빠졌나요?,SPEAKER_02:1.00s(1.000),SPEAKER_02,AD
speech,3472.67,3475.15,2.480000000000018,당신도 직업병일 수 있습니다.,SPEAKER_02:1.00s(1.000),SPEAKER_02,AD
speech,3475.17,3483.89,8.7199999999998,나도 모르는 사이 시작된 직업병을 찾기 위해서 나와 일터를 건강하게 만드는 직업병안심센터를 찾아주세요.,SPEAKER_02:1.00s(1.000),SPEAKER_02,AD
speech,3484.67,3489.78,5.110000000000127,문의 1588-6798 고용노동부 직업병안심센터,SPEAKER_02:1.00s(1.000),SPEAKER_02,AD
speech,3490.25,3514.14,23.889999999999876,한국 뮤지컬 어워즈 작품상 수상자 뮤지컬 리지 미국 전역을 충격에 빠뜨린 살인사건이 강렬한 로그막으로 다시 태어났다 사건을 둘러싼 비밀과 진실이 파격적이고 짜릿한 퍼포먼스로 펼쳐진다 대체불가 카타르시스 뮤지컬 리지 12월 1일까지 두산 아트센터에서 두통 참을까?,SPEAKER_03:1.00s(1.000),SPEAKER_03,AD
speech,3514.16,3514.54,0.3800000000001091,치통 견딜까?,SPEAKER_13:1.00s(1.000),SPEAKER_13,AD
speech,3514.86,3516.8,1.9400000000000543,생리통 버틸까?,SPEAKER_04:1.00s(1.000),SPEAKER_04,AD
speech,3517.36,3529.47,12.109999999999673,통증 다 잃지 말고 개보린 한 알로 빠르고 말끔하게 한 알로 싹 두통 치통 생리통엔 한 알로 싹 맞다 개보린 삼진제약,SPEAKER_13:1.00s(1.000),SPEAKER_13,AD
speech,3531.68,3535.67,3.990000000000237,이 소리는 더 경기패스 가입자들의 환급금 쌓이는 소리입니다.,SPEAKER_09:1.00s(1.000),SPEAKER_09,AD
speech,3536.03,3538.55,2.519999999999982,그래서 이번 달에도!,SPEAKER_09:1.00s(1.000),SPEAKER_09,AD
speech,3538.57,3538.65,0.0799999999999272,우와!,SPEAKER_04:1.00s(1.000),SPEAKER_04,AD
speech,3538.67,3540.5,1.8299999999999272,2만 9천 원이나 꽂혔어!,SPEAKER_04:1.00s(1.000),SPEAKER_04,AD
speech,3540.68,3543.04,2.3600000000001278,우리 내 식구 환급금 합치면 8만 원이 넘는데?,SPEAKER_09:1.00s(1.000),SPEAKER_09,AD
speech,3544.14,3544.84,0.7000000000002728,이거네!,SPEAKER_04:1.00s(1.000),SPEAKER_04,AD
speech,3544.86,3550.31,5.449999999999818,벌써 100만 명이나 쓰는 이유!,SPEAKER_04:1.00s(1.000),SPEAKER_04,AD
speech,3550.33,3551.49,1.1599999999998545,환급이 무제한 더 경기패스!,SPEAKER_05:1.00s(1.000),SPEAKER_05,AD
speech,3551.51,3557.44,5.929999999999836,고속도로 달리다 사고가 났다.,SPEAKER_05:1.00s(1.000),SPEAKER_05,AD
speech,3557.46,3557.56,0.099999999999909,어떡하지?,SPEAKER_05:1.00s(1.000),SPEAKER_05,AD
speech,3557.58,3557.94,0.3600000000001273,쿵쿵대는 내 심장 너무나 무서워.,SPEAKER_05:1.00s(1.000),SPEAKER_05,AD
speech,3557.96,3558.04,0.0799999999999272,어떡해?,SPEAKER_05:1.00s(1.000),SPEAKER_05,AD
speech,3566.48,3585.4,18.920000000000076,고속도로 사고 시엔 도로 밖으로 무조건 대피 꼭 기억하세요.,SPEAKER_05:1.00s(1.000),SPEAKER_05,AD
speech,3585.42,3588.5,3.0799999999999272,이 캠페인은 한국도로공사와 함께합니다.,SPEAKER_04:1.00s(1.000),SPEAKER_04,AD
speech,3591.11,3610.94,19.829999999999927,꿈을 향해 숨 무엇이든 이룰 수 있어 평생 무료 쏴 언제든지 할 수 있어 숨싸가 함께할게 숨쉴 사이버대학교 제2의 인생을 향해 숨쏴 콘텐츠가 강한 대학 숨쉴 사이버대학교 안녕하세요.,SPEAKER_05:1.00s(1.000),SPEAKER_05,AD
speech,3610.96,3611.18,0.2199999999997999,우재석입니다.,SPEAKER_07:1.00s(1.000),SPEAKER_07,AD
speech,3611.3,3611.9,0.599999999999909,유현석입니다.,SPEAKER_07:1.00s(1.000),SPEAKER_07,AD
speech,3612.49,3618.05,5.5600000000004,여러분의 틈새 시간에 행복을 선물하는 틈만나면이 더욱 큰 웃음으로 돌아왔습니다.,SPEAKER_07:1.00s(1.000),SPEAKER_07,AD
speech,3618.07,3620.08,2.0099999999997635,매일 쉼없이 돌아가는 일상의 틈에 두 손 가득한,SPEAKER_07:1.00s(1.000),SPEAKER_07,AD
